,da,alpha,a,R,N0,axf,xc,yc,mag,AR,lead
0,0.0573107900984878,-0.2661326608039577,6.630329320404673,16.28733305387665,0.14689552906790726,408988.0838107759,44.4891988043378,36.90912244641471,0,10132,-1
1,0.16522609563723373,0.07234404971285457,6.630329320404673,16.28733305387665,0.14689552906790726,408988.0838107759,44.589975425537595,36.13866692073749,5,10132,-1
2,0.2664560732843176,0.1954081119441093,6.630329320404673,16.28733305387665,0.14689552906790726,408988.0838107759,44.69460760208221,37.02176347490745,10,10132,-1
3,0.34293440875657594,0.2819818830125608,6.630329320404673,16.28733305387665,0.14689552906790726,408988.0838107759,44.31682268783349,37.44265044484824,15,10132,-1
4,0.39714655897916173,0.4014705261305633,6.630329320404673,16.28733305387665,0.14689552906790726,408988.0838107759,44.04226502304144,38.50784671462979,20,10132,-1
5,0.43470216448719146,0.38729995904629,6.630329320404673,16.28733305387665,0.14689552906790726,408988.0838107759,43.86682948751608,38.7767740937924,25,10132,-1
6,0.4512295962484719,0.37794543790526186,6.630329320404673,16.28733305387665,0.14689552906790726,408988.0838107759,43.110329432560526,38.76401399013305,30,10132,-1
0,0.18320482680344896,0.04423895812045689,14.503556761065415,38.855783021777114,0.08705599693474116,1023861.9950600654,73.45747797969139,45.93222062546303,0,10323,1
1,0.16454442621047438,0.0657252190954191,14.503556761065415,38.855783021777114,0.08705599693474116,1023861.9950600654,73.38108543479285,46.829892881723225,5,10323,1
2,0.17457630053994252,0.014743296041464423,14.503556761065415,38.855783021777114,0.08705599693474116,1023861.9950600654,73.12180322488095,47.976741265400165,10,10323,1
3,0.19151150290905633,-0.04824116489480508,14.503556761065415,38.855783021777114,0.08705599693474116,1023861.9950600654,71.99680682792601,48.687741309168416,15,10323,1
4,0.22931586738087048,-0.04709832356504561,14.503556761065415,38.855783021777114,0.08705599693474116,1023861.9950600654,71.72115652042069,49.00963649099348,20,10323,1
5,0.2687388975076578,-0.01001453833309141,14.503556761065415,38.855783021777114,0.08705599693474116,1023861.9950600654,70.6759432629196,49.583589057239,25,10323,1
6,0.28544895731778763,0.10655224621639572,14.503556761065415,38.855783021777114,0.08705599693474116,1023861.9950600654,69.97889319201788,49.63044123247552,30,10323,1
7,0.3297050323808965,0.13698082264648462,14.503556761065415,38.855783021777114,0.08705599693474116,1023861.9950600654,70.25019719483458,49.41451343100554,35,10323,1
8,0.3546019511598681,0.12133360491237809,14.503556761065415,38.855783021777114,0.08705599693474116,1023861.9950600654,71.02087293469638,49.37643854808229,40,10323,1
9,0.3749179796841826,0.1273093361220706,14.503556761065415,38.855783021777114,0.08705599693474116,1023861.9950600654,72.57437095532566,49.317058301247314,45,10323,1
10,0.40469645709693197,0.12856533945309426,14.503556761065415,38.855783021777114,0.08705599693474116,1023861.9950600654,73.50796147735215,49.121462246547566,50,10323,1
11,0.4232366570720305,0.12300956232866862,14.503556761065415,38.855783021777114,0.08705599693474116,1023861.9950600654,75.55299385869795,49.326976967257316,55,10323,1
12,0.44145622661674566,0.10029975207700523,14.503556761065415,38.855783021777114,0.08705599693474116,1023861.9950600654,76.21518462188452,50.16848323827121,60,10323,1
13,0.46705216122323084,0.083028992864975,14.503556761065415,38.855783021777114,0.08705599693474116,1023861.9950600654,76.7588429527328,50.3898480311932,65,10323,1
0,0.70619969596389,-0.10067799576441089,9.380344123105289,21.924683913494437,-0.5660785961389005,502817.33959214174,54.00668431235493,38.033369597634504,0,10344,-1
1,0.7519092182885107,-0.0878506891595347,9.380344123105289,21.924683913494437,-0.5660785961389005,502817.33959214174,53.86581518065268,37.84098335088321,5,10344,-1
2,0.7978930114857131,-0.08936957572992874,9.380344123105289,21.924683913494437,-0.5660785961389005,502817.33959214174,53.3291087560637,37.2544175511018,10,10344,-1
3,0.8194865896932728,-0.07733044473283134,9.380344123105289,21.924683913494437,-0.5660785961389005,502817.33959214174,53.00771495213633,36.95002692650724,15,10344,-1
4,0.7879131635408039,-0.08191633082723511,9.380344123105289,21.924683913494437,-0.5660785961389005,502817.33959214174,52.14057456103289,36.721109463122424,20,10344,-1
5,0.777248351857323,-0.06641906727671294,9.380344123105289,21.924683913494437,-0.5660785961389005,502817.33959214174,52.282163692607256,36.67851841537731,25,10344,-1
6,0.7710793912762055,-0.05571459679922819,9.380344123105289,21.924683913494437,-0.5660785961389005,502817.33959214174,52.395058852870804,36.88483407777165,30,10344,-1
7,0.7514890606315981,-0.06950310120867152,9.380344123105289,21.924683913494437,-0.5660785961389005,502817.33959214174,52.35767453184258,36.85398126497916,35,10344,-1
8,0.6761612692549259,-0.11468913233024167,9.380344123105289,21.924683913494437,-0.5660785961389005,502817.33959214174,52.42007882806186,36.73796782699292,40,10344,-1
9,0.5960329859275079,-0.13652148622450178,9.380344123105289,21.924683913494437,-0.5660785961389005,502817.33959214174,52.78832025238166,36.79339070810309,45,10344,-1
10,0.5219282435153063,-0.17183019901063465,9.380344123105289,21.924683913494437,-0.5660785961389005,502817.33959214174,52.76632836137426,36.67335206602374,50,10344,-1
11,0.46785006862647543,-0.24061471668031165,9.380344123105289,21.924683913494437,-0.5660785961389005,502817.33959214174,52.95591599613323,36.59646783437244,55,10344,-1
12,0.450573353320151,-0.23651730954827152,9.380344123105289,21.924683913494437,-0.5660785961389005,502817.33959214174,52.48870957094754,36.175633797522224,60,10344,-1
13,0.41628106487617705,-0.2386445003583168,9.380344123105289,21.924683913494437,-0.5660785961389005,502817.33959214174,52.63512800459118,35.172605674128704,65,10344,-1
0,0.06514829496379233,-0.47500673564442064,10.741552485218103,23.40164943074875,-0.8212723517073776,541495.8355602418,42.771098074672594,37.062667943927195,0,10381,1
1,0.14489384020367777,-0.33041228493221886,10.741552485218103,23.40164943074875,-0.8212723517073776,541495.8355602418,43.02268051470514,38.22939728002222,5,10381,1
2,0.22256449835665781,-0.08970051463109792,10.741552485218103,23.40164943074875,-0.8212723517073776,541495.8355602418,41.92730354863082,39.526670779372026,10,10381,1
3,0.2445213385011512,-0.038771466769605016,10.741552485218103,23.40164943074875,-0.8212723517073776,541495.8355602418,42.73637122607141,40.158633655578626,15,10381,1
4,0.2416111800548227,-0.01676472588935963,10.741552485218103,23.40164943074875,-0.8212723517073776,541495.8355602418,43.02518102470305,40.420044714581934,20,10381,1
5,0.25137897808839815,0.008515708723046798,10.741552485218103,23.40164943074875,-0.8212723517073776,541495.8355602418,42.52341051082625,39.52305577187537,25,10381,1
6,0.27418270915919324,-0.047318653052767126,10.741552485218103,23.40164943074875,-0.8212723517073776,541495.8355602418,42.14225191924723,38.63917022135842,30,10381,1
7,0.28898035033894065,-0.14669193451934914,10.741552485218103,23.40164943074875,-0.8212723517073776,541495.8355602418,41.980627490736396,37.54160955536529,35,10381,1
8,0.3011791876850925,-0.1405741714198109,10.741552485218103,23.40164943074875,-0.8212723517073776,541495.8355602418,42.56456725221,36.60375279164687,40,10381,1
9,0.3000100688905497,-0.11858551753412132,10.741552485218103,23.40164943074875,-0.8212723517073776,541495.8355602418,43.455868770173126,36.229633505453705,45,10381,1
10,0.2972547242134319,-0.13757722414997886,10.741552485218103,23.40164943074875,-0.8212723517073776,541495.8355602418,43.93766308525745,35.76496701190184,50,10381,1
11,0.27927572767196057,-0.15891578609904505,10.741552485218103,23.40164943074875,-0.8212723517073776,541495.8355602418,44.22133127697684,35.996067451289775,55,10381,1
0,0.7426101974634304,-0.23254646322696837,13.981208478658896,15.358404917074873,-0.11014475715886121,315056.9433980276,46.27866091917331,38.50282031625631,0,10569,1
1,0.9999780962512248,-0.040920606309240416,13.981208478658896,15.358404917074873,-0.11014475715886121,315056.9433980276,46.92253556665961,38.51306087840029,5,10569,1
2,0.998955892705554,-0.13559251621167256,13.981208478658896,15.358404917074873,-0.11014475715886121,315056.9433980276,47.275758447465215,38.0923464304131,10,10569,1
3,0.8937243269573716,-0.3750793554273904,13.981208478658896,15.358404917074873,-0.11014475715886121,315056.9433980276,48.350141633081016,38.6109446710116,15,10569,1
4,0.918601681874621,-0.373070695417838,13.981208478658896,15.358404917074873,-0.11014475715886121,315056.9433980276,49.4734070428127,37.93548915897212,20,10569,1
5,0.9885667337731995,-0.40986839160544863,13.981208478658896,15.358404917074873,-0.11014475715886121,315056.9433980276,50.10620238522685,37.78619146552448,25,10569,1
6,0.992955081008779,-0.3740039083847307,13.981208478658896,15.358404917074873,-0.11014475715886121,315056.9433980276,50.83202626543352,37.35682706787489,30,10569,1
7,0.7718756552626332,-0.4287239577615549,13.981208478658896,15.358404917074873,-0.11014475715886121,315056.9433980276,51.099377671491105,36.88495042915576,35,10569,1
8,0.7341675088215225,-0.4348357593698045,13.981208478658896,15.358404917074873,-0.11014475715886121,315056.9433980276,51.931028803489724,35.90963556035259,40,10569,1
9,0.6669878620607801,-0.4088843103437686,13.981208478658896,15.358404917074873,-0.11014475715886121,315056.9433980276,51.8840880312374,35.76474228536888,45,10569,1
10,0.6198907757202491,-0.2938833747496296,13.981208478658896,15.358404917074873,-0.11014475715886121,315056.9433980276,51.561984243756335,35.50887664866428,50,10569,1
11,0.6297778734794812,-0.2366259725591039,13.981208478658896,15.358404917074873,-0.11014475715886121,315056.9433980276,52.09070193285702,35.07004712774876,55,10569,1
12,0.614315360970335,-0.16536256687592185,13.981208478658896,15.358404917074873,-0.11014475715886121,315056.9433980276,51.70487631956169,35.03400424901517,60,10569,1
13,0.634410443452297,-0.1967223411297817,13.981208478658896,15.358404917074873,-0.11014475715886121,315056.9433980276,51.7244877438661,34.83254516294204,65,10569,1
0,0.2929121038626237,0.5598696717155668,8.854320351493444,14.499303445461377,0.16305453641612053,167508.17804475105,45.23414598275532,35.92217730439783,0,10879,-1
1,0.37773398787943074,0.21287826594274556,8.854320351493444,14.499303445461377,0.16305453641612053,167508.17804475105,46.25565780603382,35.0374424837127,5,10879,-1
2,0.4196299010316408,0.07458437056139547,8.854320351493444,14.499303445461377,0.16305453641612053,167508.17804475105,46.27705706376325,35.9558561612416,10,10879,-1
3,0.6058101293190236,-0.04761263972423082,8.854320351493444,14.499303445461377,0.16305453641612053,167508.17804475105,47.355950874062906,35.33102918677976,15,10879,-1
4,0.6661688254464725,-0.16819372000492197,8.854320351493444,14.499303445461377,0.16305453641612053,167508.17804475105,46.91389274548128,35.34770707966134,20,10879,-1
5,0.7115258540220802,-0.23406797656628603,8.854320351493444,14.499303445461377,0.16305453641612053,167508.17804475105,46.54056014566196,34.84864410149085,25,10879,-1
6,0.78753519797115,-0.31381277419921094,8.854320351493444,14.499303445461377,0.16305453641612053,167508.17804475105,46.94752279554872,35.03402689231123,30,10879,-1
7,0.9001955830206011,-0.3869628811548296,8.854320351493444,14.499303445461377,0.16305453641612053,167508.17804475105,46.49146896373599,34.49953312064767,35,10879,-1
8,0.9617061829601049,-0.4191704089191362,8.854320351493444,14.499303445461377,0.16305453641612053,167508.17804475105,47.416763808153746,33.95596620052675,40,10879,-1
9,0.999770065195267,-0.4564089881557337,8.854320351493444,14.499303445461377,0.16305453641612053,167508.17804475105,47.12178808321224,33.68442481904617,45,10879,-1
10,0.7191095764049985,-0.4083402349622036,8.854320351493444,14.499303445461377,0.16305453641612053,167508.17804475105,47.25935043989486,33.7675380238191,50,10879,-1
11,0.6115709232927934,-0.3719920874149976,8.854320351493444,14.499303445461377,0.16305453641612053,167508.17804475105,46.85401450213388,33.82896151332354,55,10879,-1
12,0.6267066694083303,-0.34558864094345915,8.854320351493444,14.499303445461377,0.16305453641612053,167508.17804475105,46.42663264574281,34.207210019903684,60,10879,-1
13,0.503045078159577,-0.36705934269134693,8.854320351493444,14.499303445461377,0.16305453641612053,167508.17804475105,45.878808883219776,34.53227288120019,65,10879,-1
0,0.23899175726780955,0.10122057729882517,13.620258430676808,40.00685093592151,0.8002254232346455,477397.67502995237,65.28773717006462,45.82805611885214,0,10900,1
1,0.24626210507964702,0.09649157344160869,13.620258430676808,40.00685093592151,0.8002254232346455,477397.67502995237,64.16988385276481,45.85390419261945,5,10900,1
2,0.2384840780856972,0.043487233459803445,13.620258430676808,40.00685093592151,0.8002254232346455,477397.67502995237,62.97634771371356,46.118910602421245,10,10900,1
3,0.25233769406759116,0.020442383633799917,13.620258430676808,40.00685093592151,0.8002254232346455,477397.67502995237,65.32895746817404,46.166808535307254,15,10900,1
4,0.23661317145023802,0.05220023008474666,13.620258430676808,40.00685093592151,0.8002254232346455,477397.67502995237,65.76141986725357,46.2088344878164,20,10900,1
5,0.24903447858779668,0.06027782697400913,13.620258430676808,40.00685093592151,0.8002254232346455,477397.67502995237,65.67119609058486,46.13913227897209,25,10900,1
6,0.2683589409249076,0.0834522070598468,13.620258430676808,40.00685093592151,0.8002254232346455,477397.67502995237,66.11269840206344,46.42019450862303,30,10900,1
7,0.30480457221384355,0.15128297982953495,13.620258430676808,40.00685093592151,0.8002254232346455,477397.67502995237,66.97849989315918,45.16519541436684,35,10900,1
8,0.31606365400190733,0.17471502013428186,13.620258430676808,40.00685093592151,0.8002254232346455,477397.67502995237,66.13935378613316,46.268698634454665,40,10900,1
9,0.31223584443600144,0.17238854555876923,13.620258430676808,40.00685093592151,0.8002254232346455,477397.67502995237,66.19493250681559,46.80057048357845,45,10900,1
10,0.3227998734415045,0.17172262450095482,13.620258430676808,40.00685093592151,0.8002254232346455,477397.67502995237,66.86493853501503,46.655289730883965,50,10900,1
11,0.30327089154309256,0.19893636926084227,13.620258430676808,40.00685093592151,0.8002254232346455,477397.67502995237,66.94331053256305,46.51491033910705,55,10900,1
12,0.3102208562706661,0.24810586086344774,13.620258430676808,40.00685093592151,0.8002254232346455,477397.67502995237,66.94719706532041,46.0789663104588,60,10900,1
13,0.30045104279623114,0.25753934574556536,13.620258430676808,40.00685093592151,0.8002254232346455,477397.67502995237,67.92011358599552,45.687205236715904,65,10900,1
0,0.31963458004586826,0.8243537364599138,14.376683340622908,14.627781748582748,2.828230025237797,194725.46213268136,40.10308283023341,28.710948814807075,0,10971,-1
1,0.32654831513011856,0.8815313055923544,14.376683340622908,14.627781748582748,2.828230025237797,194725.46213268136,40.40206813195473,28.87124683505048,5,10971,-1
2,0.28319582707211,1.0937291714248114,14.376683340622908,14.627781748582748,2.828230025237797,194725.46213268136,41.502990950344646,29.635118974090872,10,10971,-1
3,0.22697534900127142,1.1136729817131068,14.376683340622908,14.627781748582748,2.828230025237797,194725.46213268136,41.592573810039134,28.929412617535274,15,10971,-1
4,0.24061027799485687,1.2630307134673524,14.376683340622908,14.627781748582748,2.828230025237797,194725.46213268136,39.47514249718407,28.370816537611702,20,10971,-1
5,0.2818236977299765,1.4404749143109596,14.376683340622908,14.627781748582748,2.828230025237797,194725.46213268136,38.70624015310626,28.162422428994386,25,10971,-1
6,0.2966484364668687,1.4309156980017543,14.376683340622908,14.627781748582748,2.828230025237797,194725.46213268136,39.01064230208167,28.017518708277823,30,10971,-1
7,0.32616415159036716,1.3775930243374197,14.376683340622908,14.627781748582748,2.828230025237797,194725.46213268136,39.47167076799725,28.258108482746543,35,10971,-1
8,0.3015082891344123,1.3425972449494208,14.376683340622908,14.627781748582748,2.828230025237797,194725.46213268136,38.23857962776739,28.06002957957049,40,10971,-1
9,0.2531459473561346,1.2644521369438604,14.376683340622908,14.627781748582748,2.828230025237797,194725.46213268136,38.438846608456075,27.696154424485073,45,10971,-1
10,0.23138057940887224,1.270846565137026,14.376683340622908,14.627781748582748,2.828230025237797,194725.46213268136,38.60311493755816,27.806660065496803,50,10971,-1
11,0.26705928291121617,1.34825306714195,14.376683340622908,14.627781748582748,2.828230025237797,194725.46213268136,39.22166011132078,27.33161194704404,55,10971,-1
0,0.31270549656601215,0.7425127116409397,8.440336387718967,40.520726313182735,-0.11371990129663744,298322.0214520161,54.48479120914738,54.50544004794084,0,11024,-1
1,0.20885780333942666,0.6881102828337763,8.440336387718967,40.520726313182735,-0.11371990129663744,298322.0214520161,53.38170567463141,56.30175673823801,5,11024,-1
2,0.2597267043482911,0.6242306771610638,8.440336387718967,40.520726313182735,-0.11371990129663744,298322.0214520161,56.98475816817864,57.28965135216488,10,11024,-1
3,0.32994059740085335,0.5821776909778156,8.440336387718967,40.520726313182735,-0.11371990129663744,298322.0214520161,58.43793523927524,56.03567519476031,15,11024,-1
4,0.35935455544953887,0.49141605692361845,8.440336387718967,40.520726313182735,-0.11371990129663744,298322.0214520161,58.97188958187774,58.45815493756527,20,11024,-1
5,0.379418603386607,0.45510521707292356,8.440336387718967,40.520726313182735,-0.11371990129663744,298322.0214520161,60.6029571601605,57.71179016755245,25,11024,-1
6,0.404861836630438,0.3914885397537047,8.440336387718967,40.520726313182735,-0.11371990129663744,298322.0214520161,60.77638169181982,57.78684422609382,30,11024,-1
7,0.4244118789507811,0.3723335210466292,8.440336387718967,40.520726313182735,-0.11371990129663744,298322.0214520161,62.53552383938514,57.861651004344736,35,11024,-1
8,0.43512784799784165,0.3817850715580038,8.440336387718967,40.520726313182735,-0.11371990129663744,298322.0214520161,63.70669049405328,57.551931956833194,40,11024,-1
9,0.4413341805938259,0.39143253731019434,8.440336387718967,40.520726313182735,-0.11371990129663744,298322.0214520161,64.39505215845571,57.677922103632305,45,11024,-1
0,0.3804043380818789,-0.5188534379680501,8.056595396363141,26.42816629207753,-0.2107915770568056,162463.88255199397,44.51299522317596,50.81030936258377,0,11027,1
1,0.421026544481088,-0.5037075371521695,8.056595396363141,26.42816629207753,-0.2107915770568056,162463.88255199397,44.71133259833586,51.16277919455973,5,11027,1
2,0.47054270877962223,-0.45123616177260706,8.056595396363141,26.42816629207753,-0.2107915770568056,162463.88255199397,45.48641534912908,50.594956256030756,10,11027,1
3,0.5310085906577622,-0.4092956290795426,8.056595396363141,26.42816629207753,-0.2107915770568056,162463.88255199397,47.18273687423954,49.68779766660149,15,11027,1
4,0.5760942439625909,-0.38071258431739335,8.056595396363141,26.42816629207753,-0.2107915770568056,162463.88255199397,48.98624251259634,48.42340176468177,20,11027,1
5,0.64243551361506,-0.3491745366738848,8.056595396363141,26.42816629207753,-0.2107915770568056,162463.88255199397,49.52938098935301,48.26248819367776,25,11027,1
6,0.7874798547837961,-0.36878766604227786,8.056595396363141,26.42816629207753,-0.2107915770568056,162463.88255199397,51.509014432791545,47.356707885245434,30,11027,1
7,0.9847573890996744,-0.36036276540295753,8.056595396363141,26.42816629207753,-0.2107915770568056,162463.88255199397,52.66202601018786,46.601866032569085,35,11027,1
8,0.8864908860023982,-0.39726954936861386,8.056595396363141,26.42816629207753,-0.2107915770568056,162463.88255199397,52.84962692200559,45.65628349294066,40,11027,1
9,0.8272101099096986,-0.40534045423342463,8.056595396363141,26.42816629207753,-0.2107915770568056,162463.88255199397,53.436923665472925,45.318384007002244,45,11027,1
10,0.7399532913655187,-0.3846786551137265,8.056595396363141,26.42816629207753,-0.2107915770568056,162463.88255199397,54.10606417968546,45.21917883038729,50,11027,1
11,0.8166906377988986,-0.4307481176764964,8.056595396363141,26.42816629207753,-0.2107915770568056,162463.88255199397,55.6012341925591,44.661243502334756,55,11027,1
12,0.32361766149673,-0.4483796291926191,8.056595396363141,26.42816629207753,-0.2107915770568056,162463.88255199397,55.85007732894134,44.313828351252745,60,11027,1
13,0.30708647094839214,-0.49071371508655337,8.056595396363141,26.42816629207753,-0.2107915770568056,162463.88255199397,55.831890288444434,43.72553069904731,65,11027,1
0,0.5742816228678508,-0.1600605435261979,7.905987398018233,20.43606252522297,2.047585542736759,125357.88112941525,46.99444081171619,34.71561089132013,0,11043,1
1,0.5805050190500671,-0.19494425180434669,7.905987398018233,20.43606252522297,2.047585542736759,125357.88112941525,47.702201777810906,34.341686072584395,5,11043,1
2,0.6148230038618189,-0.23940288610752922,7.905987398018233,20.43606252522297,2.047585542736759,125357.88112941525,48.354407738628865,34.32094758003758,10,11043,1
3,0.7091307411185443,-0.33299718674367934,7.905987398018233,20.43606252522297,2.047585542736759,125357.88112941525,49.92212166554451,34.00930512577771,15,11043,1
4,0.7868506290424314,-0.38278972674821665,7.905987398018233,20.43606252522297,2.047585542736759,125357.88112941525,50.76202287283784,34.092246410081,20,11043,1
5,0.9970439163933037,-0.38712455257498807,7.905987398018233,20.43606252522297,2.047585542736759,125357.88112941525,49.70114298305548,33.83311577152385,25,11043,1
6,0.9960936822938418,-0.31993499550198984,7.905987398018233,20.43606252522297,2.047585542736759,125357.88112941525,51.981144244682476,33.9302947122276,30,11043,1
7,0.9837111034852738,-0.31176315247429187,7.905987398018233,20.43606252522297,2.047585542736759,125357.88112941525,53.538000754730454,32.40648781966271,35,11043,1
8,0.9791606249789263,-0.26552616859204164,7.905987398018233,20.43606252522297,2.047585542736759,125357.88112941525,54.7044664767469,32.55483209408095,40,11043,1
9,0.9775165897606609,-0.447768364272055,7.905987398018233,20.43606252522297,2.047585542736759,125357.88112941525,56.28400800986987,34.83039152831274,45,11043,1
0,0.02343439401723057,0.12059453502625991,11.695327222400385,19.41783642758859,-0.7381150489909301,255555.61484619332,46.0321816385607,34.47966510871496,0,8056,1
1,0.35395030316936416,-0.17974163554215208,11.695327222400385,19.41783642758859,-0.7381150489909301,255555.61484619332,41.133993159407034,35.47615314008678,5,8056,1
2,0.4270976514661007,-0.5583133132047141,11.695327222400385,19.41783642758859,-0.7381150489909301,255555.61484619332,41.82668105266057,36.04945777048149,10,8056,1
3,0.49846641302757105,-0.6319373413355123,11.695327222400385,19.41783642758859,-0.7381150489909301,255555.61484619332,44.05319316941129,35.24544335129305,15,8056,1
4,0.6895601564874165,-0.5231353228185394,11.695327222400385,19.41783642758859,-0.7381150489909301,255555.61484619332,43.956978399692396,35.07577766468006,20,8056,1
5,0.7998291426613994,-0.4750386131592448,11.695327222400385,19.41783642758859,-0.7381150489909301,255555.61484619332,44.3623821383542,34.26256837849586,25,8056,1
6,0.9277944500420776,-0.3534946803534661,11.695327222400385,19.41783642758859,-0.7381150489909301,255555.61484619332,45.3712485041484,33.777847043941925,30,8056,1
0,0.44043038570513776,0.0005021878078704533,11.230752604155144,15.539856675546051,0.20887650361111854,194742.39968942065,37.264197873089074,31.58652935243718,0,8060,1
1,0.3893569464700124,0.02722555556919553,11.230752604155144,15.539856675546051,0.20887650361111854,194742.39968942065,37.654523017719164,31.830818736056706,5,8060,1
2,0.38856341246720316,0.031842902427001316,11.230752604155144,15.539856675546051,0.20887650361111854,194742.39968942065,36.5152448938127,32.22919686409171,10,8060,1
3,0.45643461232353855,-0.07800645636716491,11.230752604155144,15.539856675546051,0.20887650361111854,194742.39968942065,36.721192563053464,32.96564503850676,15,8060,1
4,0.5495440916388941,-0.04216353561170783,11.230752604155144,15.539856675546051,0.20887650361111854,194742.39968942065,37.003460294533156,33.17422179142617,20,8060,1
5,0.6643193042399775,0.07117895005753563,11.230752604155144,15.539856675546051,0.20887650361111854,194742.39968942065,36.32700953814007,33.30211775097475,25,8060,1
6,0.6906221352291585,0.16209717397858345,11.230752604155144,15.539856675546051,0.20887650361111854,194742.39968942065,36.92880277909945,33.92191205787164,30,8060,1
7,0.6257704000384893,0.218677691580743,11.230752604155144,15.539856675546051,0.20887650361111854,194742.39968942065,37.02229263418503,33.44912387355729,35,8060,1
8,0.5110941008220494,0.29352773648369834,11.230752604155144,15.539856675546051,0.20887650361111854,194742.39968942065,37.97578129940327,33.278554716676794,40,8060,1
9,0.47744189967807477,0.2516457887370371,11.230752604155144,15.539856675546051,0.20887650361111854,194742.39968942065,38.574320548921584,33.207120519601915,45,8060,1
0,0.24106600063036582,-0.15624997189906967,6.94408778898457,51.529391761742325,-2.692334738361806,336946.9840233508,81.31256973601687,43.48080940431956,0,8088,1
1,0.25272225765058337,-0.13795219000354822,6.94408778898457,51.529391761742325,-2.692334738361806,336946.9840233508,82.56762310160595,42.46156049603837,5,8088,1
2,0.26198918056235426,-0.13158691792477012,6.94408778898457,51.529391761742325,-2.692334738361806,336946.9840233508,83.68523859076062,41.927429527995585,10,8088,1
3,0.2724417463873326,-0.11936119014888415,6.94408778898457,51.529391761742325,-2.692334738361806,336946.9840233508,84.41606905315881,41.45817602870205,15,8088,1
4,0.28670116963924736,-0.10295847426178033,6.94408778898457,51.529391761742325,-2.692334738361806,336946.9840233508,84.80273604062856,41.23846535585465,20,8088,1
5,0.2771528647825351,-0.08078532387102245,6.94408778898457,51.529391761742325,-2.692334738361806,336946.9840233508,85.15519307236816,40.57363853423174,25,8088,1
6,0.28837766361615497,-0.059059588921409056,6.94408778898457,51.529391761742325,-2.692334738361806,336946.9840233508,85.37714600017216,40.15234713034709,30,8088,1
7,0.29213510099182705,-0.0389168649823007,6.94408778898457,51.529391761742325,-2.692334738361806,336946.9840233508,85.19840323453586,39.9914717213979,35,8088,1
8,0.29247855092540825,-0.0239260044414814,6.94408778898457,51.529391761742325,-2.692334738361806,336946.9840233508,85.25756346892823,39.864170607570145,40,8088,1
9,0.28442294421423064,-0.011651702760009406,6.94408778898457,51.529391761742325,-2.692334738361806,336946.9840233508,85.42599284576252,39.54748685425593,45,8088,1
10,0.26764723747364805,-0.00139249303405298,6.94408778898457,51.529391761742325,-2.692334738361806,336946.9840233508,85.68505000387638,39.63274292527566,50,8088,1
0,0.604010245460355,-0.15974891560820556,9.937316373600709,28.90816984936147,0.9176532330714927,278281.97254943603,51.3244895082467,42.53993627371963,0,8122,-1
1,0.26331718795331627,0.25358938410627,9.937316373600709,28.90816984936147,0.9176532330714927,278281.97254943603,48.821987477918945,41.73120176694326,5,8122,-1
2,0.365150119686143,-0.16199967442668048,9.937316373600709,28.90816984936147,0.9176532330714927,278281.97254943603,50.402656574458554,40.759368143475626,10,8122,-1
3,0.4986508472078711,-0.3589173310556534,9.937316373600709,28.90816984936147,0.9176532330714927,278281.97254943603,51.02548591381307,41.094814682931606,15,8122,-1
4,0.5652494054443292,-0.40342457701496254,9.937316373600709,28.90816984936147,0.9176532330714927,278281.97254943603,51.84802313377377,40.39520736965834,20,8122,-1
5,0.5695815310867152,-0.35205124316035774,9.937316373600709,28.90816984936147,0.9176532330714927,278281.97254943603,53.97475714958915,40.153346039507625,25,8122,-1
6,0.5794523750686259,-0.2780846550407926,9.937316373600709,28.90816984936147,0.9176532330714927,278281.97254943603,54.55804962191728,40.42500127863658,30,8122,-1
7,0.6166972548364322,-0.25102234906876325,9.937316373600709,28.90816984936147,0.9176532330714927,278281.97254943603,55.84260464796058,40.75538377152722,35,8122,-1
0,0.20128530186502114,0.14896247449606367,7.801754057118245,33.5501426615506,0.8952099560501834,275300.50477765244,37.433296235981445,32.32750255420511,0,8130,1
1,0.2620663733263344,0.20587469950511697,7.801754057118245,33.5501426615506,0.8952099560501834,275300.50477765244,39.25079027043532,31.650445083271368,5,8130,1
2,0.27204881474781756,0.20977019209349343,7.801754057118245,33.5501426615506,0.8952099560501834,275300.50477765244,40.469058565926765,31.323195870679054,10,8130,1
3,0.3052168195109335,0.19999580084334137,7.801754057118245,33.5501426615506,0.8952099560501834,275300.50477765244,41.63383278865914,31.629643852781278,15,8130,1
4,0.310121516896049,0.18096122062668385,7.801754057118245,33.5501426615506,0.8952099560501834,275300.50477765244,42.41442899624924,31.868567515119597,20,8130,1
5,0.3059410397323967,0.18214440959050066,7.801754057118245,33.5501426615506,0.8952099560501834,275300.50477765244,43.21232142243893,32.173130089389744,25,8130,1
6,0.2926895402624907,0.19186705871492551,7.801754057118245,33.5501426615506,0.8952099560501834,275300.50477765244,43.88113646496991,32.08869706610561,30,8130,1
7,0.26730744711446663,0.21674142485448988,7.801754057118245,33.5501426615506,0.8952099560501834,275300.50477765244,44.355695507364004,31.264735766078296,35,8130,1
8,0.2546148571594059,0.24158591992899736,7.801754057118245,33.5501426615506,0.8952099560501834,275300.50477765244,43.53353033456772,31.19387024532264,40,8130,1
9,0.23130380816705573,0.21298599205388416,7.801754057118245,33.5501426615506,0.8952099560501834,275300.50477765244,42.62144253592798,30.499352579621103,45,8130,1
10,0.20688817248440997,0.2439429855926625,7.801754057118245,33.5501426615506,0.8952099560501834,275300.50477765244,41.70430069987363,29.90781637978501,50,8130,1
11,0.1794355393268742,0.22170356869149418,7.801754057118245,33.5501426615506,0.8952099560501834,275300.50477765244,42.35158260815483,29.76023826420036,55,8130,1
0,0.29401916755955804,-0.29784525391975103,8.932993420070105,34.124640791721916,-0.921443915379086,348384.10445479123,48.08999901575952,39.829733836788904,0,8164,-1
1,0.14726294046144714,0.0006570053236831955,8.932993420070105,34.124640791721916,-0.921443915379086,348384.10445479123,48.40838783816118,40.10148938404709,5,8164,-1
2,0.23887305894101177,0.046253217009524575,8.932993420070105,34.124640791721916,-0.921443915379086,348384.10445479123,47.722504706217165,39.5040225907365,10,8164,-1
3,0.30611397972356547,0.07144024679957715,8.932993420070105,34.124640791721916,-0.921443915379086,348384.10445479123,47.40935110686134,38.72836274147069,15,8164,-1
4,0.3453013816869109,0.056415865842958615,8.932993420070105,34.124640791721916,-0.921443915379086,348384.10445479123,48.51881038938872,38.37187607118683,20,8164,-1
5,0.3567661033944536,0.00034713517633360206,8.932993420070105,34.124640791721916,-0.921443915379086,348384.10445479123,48.359419708043944,37.91906012376002,25,8164,-1
6,0.3836511639067519,-0.03014076878809387,8.932993420070105,34.124640791721916,-0.921443915379086,348384.10445479123,48.30477027734862,37.57165580669028,30,8164,-1
7,0.4028151140688225,-0.02681391347557219,8.932993420070105,34.124640791721916,-0.921443915379086,348384.10445479123,48.23519269474471,37.0940799285922,35,8164,-1
8,0.41663575653531065,-0.027278125214913008,8.932993420070105,34.124640791721916,-0.921443915379086,348384.10445479123,48.0284478057038,37.14807766702276,40,8164,-1
9,0.4149489425451347,0.009378580579789375,8.932993420070105,34.124640791721916,-0.921443915379086,348384.10445479123,47.51452655896016,36.9790665096273,45,8164,-1
10,0.43132092403149597,0.031513791780661646,8.932993420070105,34.124640791721916,-0.921443915379086,348384.10445479123,46.227337813764464,37.022062848149986,50,8164,-1
11,0.4254198170330889,0.05832698616052288,8.932993420070105,34.124640791721916,-0.921443915379086,348384.10445479123,46.51794034925635,36.93010893339588,55,8164,-1
0,0.1618090339227569,0.5316106738976683,6.650526982278162,23.78402740304891,0.9075730009144763,151075.1931417228,35.11137602474884,31.682674174717718,0,8167,1
1,0.2966404540616692,0.41085534401643753,6.650526982278162,23.78402740304891,0.9075730009144763,151075.1931417228,33.91992463852527,31.96833396109127,5,8167,1
2,0.36497019005392806,0.43081008340738586,6.650526982278162,23.78402740304891,0.9075730009144763,151075.1931417228,32.254214240434116,31.20009123672169,10,8167,1
3,0.41536067635938384,0.38912734941919463,6.650526982278162,23.78402740304891,0.9075730009144763,151075.1931417228,32.333050640846835,30.964309333325545,15,8167,1
4,0.48372058513072574,0.3730579370589287,6.650526982278162,23.78402740304891,0.9075730009144763,151075.1931417228,33.67435227692504,31.02239244716129,20,8167,1
5,0.5209826265998484,0.33271931062423343,6.650526982278162,23.78402740304891,0.9075730009144763,151075.1931417228,34.662734734757585,31.703984942378764,25,8167,1
6,0.645326536011917,0.2987223975827244,6.650526982278162,23.78402740304891,0.9075730009144763,151075.1931417228,35.438314822048554,31.91992453993051,30,8167,1
7,0.7675809443891553,0.2926796802239569,6.650526982278162,23.78402740304891,0.9075730009144763,151075.1931417228,36.30051717114604,32.13380494364549,35,8167,1
8,0.989955236562565,0.22333617998496536,6.650526982278162,23.78402740304891,0.9075730009144763,151075.1931417228,36.6261869918782,32.02175128685461,40,8167,1
9,0.7438407110509041,0.2064621215931305,6.650526982278162,23.78402740304891,0.9075730009144763,151075.1931417228,37.631590907627846,31.86043567588105,45,8167,1
0,0.32598956512596744,-0.15737632754823763,9.25982542761719,41.94380269134991,0.6470328908008531,469223.69656781637,60.59001840967864,34.489019829939025,0,8171,1
1,0.1192549808748444,0.0063252719437059905,9.25982542761719,41.94380269134991,0.6470328908008531,469223.69656781637,61.14156447047472,35.44330038851372,5,8171,1
2,0.16624986375555187,-0.03531968943438925,9.25982542761719,41.94380269134991,0.6470328908008531,469223.69656781637,60.26714476963153,35.91468527284839,10,8171,1
3,0.20820314631919432,-0.013315122179234801,9.25982542761719,41.94380269134991,0.6470328908008531,469223.69656781637,60.06957798853751,36.450747920920485,15,8171,1
4,0.24554794857682677,0.0054945529793957015,9.25982542761719,41.94380269134991,0.6470328908008531,469223.69656781637,59.41163734192624,36.99760296784899,20,8171,1
5,0.29177901783197097,0.009331133582276399,9.25982542761719,41.94380269134991,0.6470328908008531,469223.69656781637,59.96084851668469,37.38698749637738,25,8171,1
6,0.3269995686885423,0.01688809680848549,9.25982542761719,41.94380269134991,0.6470328908008531,469223.69656781637,59.890573331661535,37.364858511127544,30,8171,1
7,0.34616994706913873,0.029530350073787816,9.25982542761719,41.94380269134991,0.6470328908008531,469223.69656781637,60.2246378605508,37.90718979596199,35,8171,1
0,0.1700185350630599,-0.034142299235737285,11.287151522708509,69.30663762187827,0.8833245489761824,889040.167656034,80.67878080629721,48.85423947228399,0,8214,-1
1,0.17608014836368635,-0.06651564537250908,11.287151522708509,69.30663762187827,0.8833245489761824,889040.167656034,83.22211131909584,48.5205852482184,5,8214,-1
2,0.18860813815126448,-0.08867378331971534,11.287151522708509,69.30663762187827,0.8833245489761824,889040.167656034,85.5866428943509,48.70935670913251,10,8214,-1
3,0.20580858764657062,-0.07296066347720272,11.287151522708509,69.30663762187827,0.8833245489761824,889040.167656034,86.86650368939658,48.58465287874926,15,8214,-1
4,0.2218754181220814,-0.06501377800548125,11.287151522708509,69.30663762187827,0.8833245489761824,889040.167656034,88.3741816688247,48.383975899390144,20,8214,-1
5,0.2495508746676855,-0.05104275535772132,11.287151522708509,69.30663762187827,0.8833245489761824,889040.167656034,88.87364831577844,48.1227869891452,25,8214,-1
6,0.2695065484978698,-0.04540322395093147,11.287151522708509,69.30663762187827,0.8833245489761824,889040.167656034,90.78186167808101,48.182158908397376,30,8214,-1
7,0.30004249188895876,-0.037473772328015596,11.287151522708509,69.30663762187827,0.8833245489761824,889040.167656034,92.38525102951914,47.78877660747245,35,8214,-1
8,0.32892490782767214,-0.02736265695069212,11.287151522708509,69.30663762187827,0.8833245489761824,889040.167656034,94.41803249853096,47.67947792791314,40,8214,-1
9,0.3619560411550671,-0.019471427776470252,11.287151522708509,69.30663762187827,0.8833245489761824,889040.167656034,95.79998093667042,47.99638789579732,45,8214,-1
10,0.3804636490286924,-0.014914798589552756,11.287151522708509,69.30663762187827,0.8833245489761824,889040.167656034,98.77767231720253,48.5478586185919,50,8214,-1
11,0.38601166000132586,-0.016538518508518195,11.287151522708509,69.30663762187827,0.8833245489761824,889040.167656034,101.53961185562865,48.74022200307633,55,8214,-1
12,0.39263233839713085,-0.020603402312916803,11.287151522708509,69.30663762187827,0.8833245489761824,889040.167656034,102.69344955804647,49.15184592467078,60,8214,-1
0,0.7488720525531136,0.5919969061895651,6.818816355065827,24.234072044912512,-0.40525510911522294,343388.20560409117,53.68189857354224,40.85093837771871,0,8226,-1
1,0.12374643050042856,0.21731311822532276,6.818816355065827,24.234072044912512,-0.40525510911522294,343388.20560409117,53.29856058913226,41.26219685798278,5,8226,-1
2,0.21036762171889117,0.15145149239541877,6.818816355065827,24.234072044912512,-0.40525510911522294,343388.20560409117,52.667786853179784,40.14125375718508,10,8226,-1
3,0.3709993684852079,0.15154863635493818,6.818816355065827,24.234072044912512,-0.40525510911522294,343388.20560409117,53.91469226032645,40.68108378006794,15,8226,-1
4,0.49844776564835097,0.18180667849150253,6.818816355065827,24.234072044912512,-0.40525510911522294,343388.20560409117,55.03389481990188,41.52769400216359,20,8226,-1
5,0.6506982765783867,0.18714577044748457,6.818816355065827,24.234072044912512,-0.40525510911522294,343388.20560409117,54.54494448172131,42.00978947397062,25,8226,-1
6,0.8562830517043832,0.2029530368313149,6.818816355065827,24.234072044912512,-0.40525510911522294,343388.20560409117,54.020928716606186,41.70868738392402,30,8226,-1
0,0.021607382604972667,-0.23207482892542852,9.743547095760295,49.774963455057815,-0.895875573365574,684564.9274581396,79.03956768940368,55.53240266292489,0,8476,-1
1,0.034751684336590864,-0.33235358637806134,9.743547095760295,49.774963455057815,-0.895875573365574,684564.9274581396,79.36553891044443,55.02640553693265,5,8476,-1
2,0.06232063087893805,-0.3411157718614389,9.743547095760295,49.774963455057815,-0.895875573365574,684564.9274581396,79.66468964812428,55.44126226409862,10,8476,-1
3,0.054462958721673664,-0.3040745338362409,9.743547095760295,49.774963455057815,-0.895875573365574,684564.9274581396,79.88522149866633,55.494817973826244,15,8476,-1
4,0.08478403891463245,-0.361012205219192,9.743547095760295,49.774963455057815,-0.895875573365574,684564.9274581396,79.90515489517242,53.72635494911014,20,8476,-1
5,0.1296383825706949,-0.3290574802666324,9.743547095760295,49.774963455057815,-0.895875573365574,684564.9274581396,80.77997032584577,52.827825413351114,25,8476,-1
6,0.16750424635944014,-0.2890334438006908,9.743547095760295,49.774963455057815,-0.895875573365574,684564.9274581396,81.1258281063848,51.54444810677364,30,8476,-1
7,0.19353986035922927,-0.27691338751184247,9.743547095760295,49.774963455057815,-0.895875573365574,684564.9274581396,82.9222733240851,50.47934318389919,35,8476,-1
8,0.22907912824379983,-0.27945782781866346,9.743547095760295,49.774963455057815,-0.895875573365574,684564.9274581396,84.02497033708364,49.283559840950026,40,8476,-1
9,0.2581385802734789,-0.28408158232233605,9.743547095760295,49.774963455057815,-0.895875573365574,684564.9274581396,85.64682147300134,48.062356375934485,45,8476,-1
0,0.11096592440260221,-0.5826580311186905,11.32851344901626,43.97936966944744,-0.9124250950101936,636767.6092816882,52.63058098699756,32.70376903769898,0,8582,-1
1,0.11767714668879833,-0.4999450228905977,11.32851344901626,43.97936966944744,-0.9124250950101936,636767.6092816882,53.93840957772699,33.06097959483996,5,8582,-1
2,0.13449196364965052,-0.5393882704485593,11.32851344901626,43.97936966944744,-0.9124250950101936,636767.6092816882,51.77127586235232,33.23420746268085,10,8582,-1
3,0.17300055699823763,-0.47907413805016247,11.32851344901626,43.97936966944744,-0.9124250950101936,636767.6092816882,52.8780477980224,34.05976807833081,15,8582,-1
4,0.21147645479230148,-0.43209617407298334,11.32851344901626,43.97936966944744,-0.9124250950101936,636767.6092816882,52.75643771567872,34.70034152542701,20,8582,-1
5,0.24125203523838581,-0.4216108904306169,11.32851344901626,43.97936966944744,-0.9124250950101936,636767.6092816882,52.53531452380201,35.319781073490255,25,8582,-1
6,0.2606143851339485,-0.373635833381071,11.32851344901626,43.97936966944744,-0.9124250950101936,636767.6092816882,53.513485286774625,35.39013165739033,30,8582,-1
7,0.29173701929436696,-0.3341728588974677,11.32851344901626,43.97936966944744,-0.9124250950101936,636767.6092816882,54.673493540585895,35.04804102823894,35,8582,-1
8,0.30119043191987493,-0.3256883728237626,11.32851344901626,43.97936966944744,-0.9124250950101936,636767.6092816882,55.28243530321376,35.08614201737801,40,8582,-1
9,0.30959862654132486,-0.3127763003547036,11.32851344901626,43.97936966944744,-0.9124250950101936,636767.6092816882,55.6967982141221,34.88888139703168,45,8582,-1
10,0.31745694710754496,-0.298487868831005,11.32851344901626,43.97936966944744,-0.9124250950101936,636767.6092816882,56.224919626765264,34.90059630093815,50,8582,-1
11,0.310328641346029,-0.27919379428640295,11.32851344901626,43.97936966944744,-0.9124250950101936,636767.6092816882,56.01719176301507,34.73623995192854,55,8582,-1
12,0.30827160393352676,-0.3017844775302559,11.32851344901626,43.97936966944744,-0.9124250950101936,636767.6092816882,55.271775055216686,34.75109830669177,60,8582,-1
13,0.30738851080674984,-0.334829657667036,11.32851344901626,43.97936966944744,-0.9124250950101936,636767.6092816882,54.70161715888766,34.63020659873162,65,8582,-1
0,0.34668139722880625,-0.11021161035254305,10.861622915694918,31.823489119217278,0.12219588837764911,557587.2505077854,56.778713946870724,49.917151039894655,0,8614,-1
1,0.430637460559971,-0.1257452180755681,10.861622915694918,31.823489119217278,0.12219588837764911,557587.2505077854,57.85052599021701,49.85578593805065,5,8614,-1
2,0.4977951446573018,-0.10020495086666831,10.861622915694918,31.823489119217278,0.12219588837764911,557587.2505077854,58.471990224290835,49.53493730403051,10,8614,-1
3,0.5850620949730085,-0.10603858342981701,10.861622915694918,31.823489119217278,0.12219588837764911,557587.2505077854,59.12366731595283,49.39130438585497,15,8614,-1
4,0.6477691883851094,-0.12149378513426795,10.861622915694918,31.823489119217278,0.12219588837764911,557587.2505077854,60.10151671444494,48.893277985172595,20,8614,-1
5,0.7168289712755139,-0.1422144322826113,10.861622915694918,31.823489119217278,0.12219588837764911,557587.2505077854,60.28724677592298,48.48768690158381,25,8614,-1
6,0.7758619732952655,-0.13304189696459354,10.861622915694918,31.823489119217278,0.12219588837764911,557587.2505077854,59.97262487468312,47.60622163556363,30,8614,-1
7,0.8430274563327169,-0.14734054872726324,10.861622915694918,31.823489119217278,0.12219588837764911,557587.2505077854,60.33096612296374,47.075213672987076,35,8614,-1
8,0.9796103983179495,-0.147398991269233,10.861622915694918,31.823489119217278,0.12219588837764911,557587.2505077854,60.27854755899849,46.71314735996331,40,8614,-1
9,0.9957822631143927,-0.10538329762652057,10.861622915694918,31.823489119217278,0.12219588837764911,557587.2505077854,61.08978464424078,46.23830583734063,45,8614,-1
10,0.9945207382945896,-0.08073987478541349,10.861622915694918,31.823489119217278,0.12219588837764911,557587.2505077854,62.06834729443467,46.02862876599129,50,8614,-1
11,0.994970540282794,-0.06620434563638075,10.861622915694918,31.823489119217278,0.12219588837764911,557587.2505077854,62.079086569130226,46.17177588838374,55,8614,-1
12,0.9924386566453703,-0.03336988304412724,10.861622915694918,31.823489119217278,0.12219588837764911,557587.2505077854,62.35856302225476,45.82144103086226,60,8614,-1
13,0.8851254929843116,-0.02849117815270052,10.861622915694918,31.823489119217278,0.12219588837764911,557587.2505077854,63.11843753832088,45.8170026386141,65,8614,-1
0,0.16357301033839775,-0.6365789409227581,9.778093200876699,37.473641750594105,-0.8990654381970887,416921.2091355714,48.039657794714564,33.73103926579531,0,8628,-1
1,0.22629463566285216,-0.6095960021504222,9.778093200876699,37.473641750594105,-0.8990654381970887,416921.2091355714,48.69972284207411,33.43618136206555,5,8628,-1
2,0.27137593658575354,-0.53355155331949,9.778093200876699,37.473641750594105,-0.8990654381970887,416921.2091355714,50.06797091723028,32.96800111622403,10,8628,-1
3,0.3295462440898011,-0.46256205097287795,9.778093200876699,37.473641750594105,-0.8990654381970887,416921.2091355714,51.60737822792371,32.60162691446732,15,8628,-1
4,0.37023159121058535,-0.4353204132667991,9.778093200876699,37.473641750594105,-0.8990654381970887,416921.2091355714,52.890006977219436,32.107207190096055,20,8628,-1
5,0.3992706388306851,-0.4139220406843962,9.778093200876699,37.473641750594105,-0.8990654381970887,416921.2091355714,52.78320542783673,31.72310722477822,25,8628,-1
6,0.4239558466438158,-0.4062219031769654,9.778093200876699,37.473641750594105,-0.8990654381970887,416921.2091355714,53.27388653943324,31.650181619462007,30,8628,-1
7,0.4466339217037871,-0.3971084440121897,9.778093200876699,37.473641750594105,-0.8990654381970887,416921.2091355714,53.65569706904766,31.61563573106247,35,8628,-1
8,0.4830504379127138,-0.40268869246252975,9.778093200876699,37.473641750594105,-0.8990654381970887,416921.2091355714,54.624807628121495,32.41338426590479,40,8628,-1
9,0.532790863421295,-0.387576999319565,9.778093200876699,37.473641750594105,-0.8990654381970887,416921.2091355714,55.06715878442154,32.67073150856364,45,8628,-1
10,0.577119356629033,-0.3645899305786948,9.778093200876699,37.473641750594105,-0.8990654381970887,416921.2091355714,54.94651858682008,32.50627243017403,50,8628,-1
11,0.6158557008748882,-0.36874092071676057,9.778093200876699,37.473641750594105,-0.8990654381970887,416921.2091355714,54.94228092910913,32.36404564695704,55,8628,-1
12,0.6083363914862014,-0.38387141422829046,9.778093200876699,37.473641750594105,-0.8990654381970887,416921.2091355714,55.80237549095943,31.908262096277333,60,8628,-1
13,0.5980462412420093,-0.40331120464736564,9.778093200876699,37.473641750594105,-0.8990654381970887,416921.2091355714,55.6822575028913,31.907037383644926,65,8628,-1
