,Unnamed: 0,da,alpha,a,R,N0,axf,xc,yc,mag,AR,lead
0,0,0.1640395613396808,-0.4711641734005312,9.788440180995226,52.65557515147735,0.1208912915930776,684923.6624099686,54.67197186061685,54.79316915369729,0,10043,-1
1,1,0.1742817172397544,-0.5138200572269874,9.788440180995226,52.65557515147735,0.1208912915930776,684923.6624099686,55.23737085447043,54.77852850130967,5,10043,-1
2,2,0.183233522872388,-0.5012951026294532,9.788440180995226,52.65557515147735,0.1208912915930776,684923.6624099686,55.70926470072037,55.346336808048754,10,10043,-1
3,3,0.1994666764623475,-0.5030946114230248,9.788440180995226,52.65557515147735,0.1208912915930776,684923.6624099686,57.12343174804029,54.12556533997599,15,10043,-1
4,4,0.1989314368687452,-0.4985616641138484,9.788440180995226,52.65557515147735,0.1208912915930776,684923.6624099686,58.02121904329351,53.360876212845085,20,10043,-1
5,5,0.1968925990691195,-0.4685045446797053,9.788440180995226,52.65557515147735,0.1208912915930776,684923.6624099686,59.61180277192372,52.63193605927096,25,10043,-1
6,6,0.1927599985454723,-0.4678347125525761,9.788440180995226,52.65557515147735,0.1208912915930776,684923.6624099686,60.42500963981308,51.94747675694392,30,10043,-1
7,7,0.1967744815853566,-0.4629852047885743,9.788440180995226,52.65557515147735,0.1208912915930776,684923.6624099686,60.49305349166677,51.93457513470979,35,10043,-1
8,8,0.2040983892396882,-0.4514735389044738,9.788440180995226,52.65557515147735,0.1208912915930776,684923.6624099686,60.9870277597068,51.440612956014895,40,10043,-1
9,9,0.2082856541808835,-0.4396243847135422,9.788440180995226,52.65557515147735,0.1208912915930776,684923.6624099686,60.93608781958815,50.94040511755741,45,10043,-1
10,10,0.2143056320473576,-0.4388223191457772,9.788440180995226,52.65557515147735,0.1208912915930776,684923.6624099686,61.19529245046854,50.63410151474741,50,10043,-1
11,11,0.222179568894295,-0.4012127350187864,9.788440180995226,52.65557515147735,0.1208912915930776,684923.6624099686,61.15587900428571,50.07897060158686,55,10043,-1
12,12,0.2231365126933755,-0.3900756627858162,9.788440180995226,52.65557515147735,0.1208912915930776,684923.6624099686,61.41121060795622,49.71038319890107,60,10043,-1
13,0,0.2678213323602064,0.4145876233006445,9.12152852228956,18.90469015422085,-0.0527256329287717,306587.66279568826,40.0162677804691,38.34458409025314,0,10045,-1
14,1,0.2010263663363759,0.3131670372435516,9.12152852228956,18.90469015422085,-0.0527256329287717,306587.66279568826,40.71113478971807,38.15701448707077,5,10045,-1
15,2,0.2122711655407445,0.2056361600819053,9.12152852228956,18.90469015422085,-0.0527256329287717,306587.66279568826,41.871346562194674,39.696890115011605,10,10045,-1
16,3,0.3396213371180328,0.298898521993868,9.12152852228956,18.90469015422085,-0.0527256329287717,306587.66279568826,42.73931615877543,39.77132443482999,15,10045,-1
17,4,0.4412298005176104,0.28624219935881,9.12152852228956,18.90469015422085,-0.0527256329287717,306587.66279568826,45.37766448405924,41.16003022064684,20,10045,-1
18,5,0.5729712737450574,0.2793945054220386,9.12152852228956,18.90469015422085,-0.0527256329287717,306587.66279568826,46.16093686428732,42.62569251054318,25,10045,-1
19,6,0.7569353173572579,0.2240468158643641,9.12152852228956,18.90469015422085,-0.0527256329287717,306587.66279568826,47.47109318718665,43.47234645368886,30,10045,-1
20,7,0.8600907089638419,0.1937612687726397,9.12152852228956,18.90469015422085,-0.0527256329287717,306587.66279568826,47.8086530693528,44.330534956915855,35,10045,-1
21,8,0.9378884944780884,0.2078879434041941,9.12152852228956,18.90469015422085,-0.0527256329287717,306587.66279568826,48.631957835103215,44.069629239082175,40,10045,-1
22,9,0.9832329812526538,0.1880045986027468,9.12152852228956,18.90469015422085,-0.0527256329287717,306587.66279568826,48.77217561994088,43.8841514406221,45,10045,-1
23,10,0.999795973319176,0.1634202056562281,9.12152852228956,18.90469015422085,-0.0527256329287717,306587.66279568826,48.50855564879748,43.839174314956686,50,10045,-1
24,11,0.8463427520307173,0.181749586287227,9.12152852228956,18.90469015422085,-0.0527256329287717,306587.66279568826,49.195830451420726,43.72537497049488,55,10045,-1
25,12,0.746673568888142,0.1703736612311152,9.12152852228956,18.90469015422085,-0.0527256329287717,306587.66279568826,49.635768240319045,44.12388907844439,60,10045,-1
26,0,0.0885746316567688,0.1053219292578691,11.57035110573814,47.87179844882359,-0.0465561490838073,915543.5460451938,68.94179824763492,36.79708472494613,0,10050,1
27,1,0.1816967188604967,-0.2142354697326154,11.57035110573814,47.87179844882359,-0.0465561490838073,915543.5460451938,65.48658738479223,38.64172544410696,5,10050,1
28,2,0.2292572464277043,-0.0783560539315401,11.57035110573814,47.87179844882359,-0.0465561490838073,915543.5460451938,64.32103387806342,39.77242035479304,10,10050,1
29,3,0.2362724834727562,8.458996779515563e-05,11.57035110573814,47.87179844882359,-0.0465561490838073,915543.5460451938,64.38803380591693,40.67057043293785,15,10050,1
30,4,0.2679468172053612,-0.0029146874935823,11.57035110573814,47.87179844882359,-0.0465561490838073,915543.5460451938,65.15001941474735,41.344505878436586,20,10050,1
31,5,0.2876813143423832,-0.0416084142124609,11.57035110573814,47.87179844882359,-0.0465561490838073,915543.5460451938,65.47029851539114,41.17321325751386,25,10050,1
32,6,0.3133794528907206,-0.0917594022835232,11.57035110573814,47.87179844882359,-0.0465561490838073,915543.5460451938,65.61716741522417,40.97452088017816,30,10050,1
33,7,0.3389063620252732,-0.1199829148643614,11.57035110573814,47.87179844882359,-0.0465561490838073,915543.5460451938,65.84692852010677,40.12681687005484,35,10050,1
34,8,0.3716262002434509,-0.145034225417019,11.57035110573814,47.87179844882359,-0.0465561490838073,915543.5460451938,66.64499256808224,39.10921417812758,40,10050,1
35,9,0.3986532162731515,-0.1517545375877403,11.57035110573814,47.87179844882359,-0.0465561490838073,915543.5460451938,67.29515843959213,37.89299575972026,45,10050,1
36,10,0.4376190125251846,-0.1407491600405954,11.57035110573814,47.87179844882359,-0.0465561490838073,915543.5460451938,67.33158335609825,36.97399112734238,50,10050,1
37,11,0.4865118211702262,-0.1329208092678284,11.57035110573814,47.87179844882359,-0.0465561490838073,915543.5460451938,67.9406799928622,36.35000265278771,55,10050,1
38,12,0.5317781054609508,-0.125349524592864,11.57035110573814,47.87179844882359,-0.0465561490838073,915543.5460451938,69.10624215118598,35.99992385005863,60,10050,1
39,13,0.5825067924587021,-0.1000592986725515,11.57035110573814,47.87179844882359,-0.0465561490838073,915543.5460451938,69.9715506961991,35.85085834056438,65,10050,1
40,0,0.4531344816476567,-0.6006910588071556,14.46454536982782,23.07538963858966,-0.938462812051028,333992.83542093175,60.25689163818289,39.63475656093404,0,10099,1
41,1,0.4656392835660036,-0.586615795222357,14.46454536982782,23.07538963858966,-0.938462812051028,333992.83542093175,60.96045679375171,40.043135023486975,5,10099,1
42,2,0.5566771710135167,-0.4759492696920115,14.46454536982782,23.07538963858966,-0.938462812051028,333992.83542093175,61.10175467996536,41.26064651434017,10,10099,1
43,3,0.6438088653591102,-0.1557722014747563,14.46454536982782,23.07538963858966,-0.938462812051028,333992.83542093175,61.62655170144362,41.15543992065906,15,10099,1
44,4,0.8373542417443592,0.0785135729207052,14.46454536982782,23.07538963858966,-0.938462812051028,333992.83542093175,62.47040074126235,41.07080505284453,20,10099,1
45,5,0.810990036328038,-0.011878918126049,14.46454536982782,23.07538963858966,-0.938462812051028,333992.83542093175,63.0284665289125,41.51524530396729,25,10099,1
46,6,0.9509668091276546,0.1186092210374147,14.46454536982782,23.07538963858966,-0.938462812051028,333992.83542093175,62.74198029345476,41.13024222282712,30,10099,1
47,7,0.9531926736290832,0.0734722642432727,14.46454536982782,23.07538963858966,-0.938462812051028,333992.83542093175,62.111899853349605,40.2974125037028,35,10099,1
48,8,0.9417161349224418,0.0239247063036798,14.46454536982782,23.07538963858966,-0.938462812051028,333992.83542093175,62.22595598803056,39.618793213774495,40,10099,1
49,9,0.9491327102694704,-0.0103944060266632,14.46454536982782,23.07538963858966,-0.938462812051028,333992.83542093175,62.01537695994082,39.07865313241987,45,10099,1
50,10,0.9168340714149792,-0.0989950096689157,14.46454536982782,23.07538963858966,-0.938462812051028,333992.83542093175,61.90351922792875,38.62366279788058,50,10099,1
51,0,0.474378333983686,-0.1030345594503954,22.078346700831517,28.97697402621897,0.2382890653552957,1316286.2057232717,84.45871245221996,63.79749029893113,0,10103,-1
52,1,0.5109344392282076,-0.1141557166831788,22.078346700831517,28.97697402621897,0.2382890653552957,1316286.2057232717,84.30963004780028,63.18603948043548,5,10103,-1
53,2,0.5191845887783871,-0.1187173283194257,22.078346700831517,28.97697402621897,0.2382890653552957,1316286.2057232717,84.64219504298151,63.36370211196464,10,10103,-1
54,3,0.5682397298772468,-0.1930302272163001,22.078346700831517,28.97697402621897,0.2382890653552957,1316286.2057232717,84.60238477679974,63.57493523057374,15,10103,-1
55,4,0.609452522299795,-0.2346608485242864,22.078346700831517,28.97697402621897,0.2382890653552957,1316286.2057232717,84.30473413483239,63.26792343081875,20,10103,-1
56,5,0.6293763999087788,-0.2696702138227145,22.078346700831517,28.97697402621897,0.2382890653552957,1316286.2057232717,84.39962034863761,63.248092209838354,25,10103,-1
57,6,0.6071805616951733,-0.2820973650531131,22.078346700831517,28.97697402621897,0.2382890653552957,1316286.2057232717,84.53451361858585,63.58515784437932,30,10103,-1
58,7,0.6294858049515434,-0.3282113564322216,22.078346700831517,28.97697402621897,0.2382890653552957,1316286.2057232717,84.11831628213797,62.904651517908775,35,10103,-1
59,8,0.6669802031361014,-0.3644485425121764,22.078346700831517,28.97697402621897,0.2382890653552957,1316286.2057232717,84.2279441632829,62.194431195183725,40,10103,-1
60,9,0.7105048952540474,-0.3885214556887356,22.078346700831517,28.97697402621897,0.2382890653552957,1316286.2057232717,83.71389280763378,61.19540109337755,45,10103,-1
61,10,0.9365401723750376,-0.4625892930509446,22.078346700831517,28.97697402621897,0.2382890653552957,1316286.2057232717,83.69607182828105,60.70078058706259,50,10103,-1
62,11,0.9082283203996848,-0.4287085110004718,22.078346700831517,28.97697402621897,0.2382890653552957,1316286.2057232717,83.62857695739326,60.55181365914669,55,10103,-1
63,12,0.9141268816131006,-0.3963625708842702,22.078346700831517,28.97697402621897,0.2382890653552957,1316286.2057232717,83.93379108784045,60.28238542464341,60,10103,-1
64,13,0.903214870159865,-0.3744552692805852,22.078346700831517,28.97697402621897,0.2382890653552957,1316286.2057232717,84.71911838911147,60.18796497180152,65,10103,-1
65,0,0.1610458606983312,-0.050374797121513,9.54502588234351,56.97164513476151,-0.1625904288964663,731576.3096455738,51.94715140720784,40.029858925551686,0,10107,-1
66,1,0.1578325999344206,-0.0470208563632435,9.54502588234351,56.97164513476151,-0.1625904288964663,731576.3096455738,52.34254330880438,39.63847898020767,5,10107,-1
67,2,0.1645139738586588,-0.0385908770433506,9.54502588234351,56.97164513476151,-0.1625904288964663,731576.3096455738,52.85911344278772,39.54045257430332,10,10107,-1
68,3,0.1675313290696256,-0.0285069072809414,9.54502588234351,56.97164513476151,-0.1625904288964663,731576.3096455738,53.113397897622455,39.27919249085017,15,10107,-1
69,4,0.1653733122516698,-0.0153867996222965,9.54502588234351,56.97164513476151,-0.1625904288964663,731576.3096455738,53.66484882065154,39.47238469134568,20,10107,-1
70,5,0.1631001433089148,0.0132707604264226,9.54502588234351,56.97164513476151,-0.1625904288964663,731576.3096455738,53.46297545884776,39.28131994625088,25,10107,-1
71,6,0.1618319468795423,0.0239892616316522,9.54502588234351,56.97164513476151,-0.1625904288964663,731576.3096455738,53.86892781698037,39.33916155222151,30,10107,-1
72,7,0.1555884470881736,0.0394289094123846,9.54502588234351,56.97164513476151,-0.1625904288964663,731576.3096455738,53.60518154496268,39.27821262086467,35,10107,-1
73,8,0.1580801018722937,0.0568663516870875,9.54502588234351,56.97164513476151,-0.1625904288964663,731576.3096455738,53.86375714424531,39.78706956133365,40,10107,-1
74,9,0.1515520609058715,0.0940611737806638,9.54502588234351,56.97164513476151,-0.1625904288964663,731576.3096455738,53.21822421141054,39.77125053351979,45,10107,-1
75,10,0.1417852185522396,0.1067338881296789,9.54502588234351,56.97164513476151,-0.1625904288964663,731576.3096455738,53.32990770868109,39.83296716043271,50,10107,-1
76,11,0.1398841246386415,0.1401920625271689,9.54502588234351,56.97164513476151,-0.1625904288964663,731576.3096455738,53.58645912048528,39.898652349644514,55,10107,-1
77,12,0.1383159884767902,0.1708477450681747,9.54502588234351,56.97164513476151,-0.1625904288964663,731576.3096455738,54.66323699603356,40.08496915810282,60,10107,-1
78,0,0.5267389025792506,0.0916634728320374,9.871162484045817,36.22627371353666,1.6041415088982662,357273.5027809796,68.53234765105486,45.08395351456743,0,10115,1
79,1,0.5707132919849052,0.065790837670084,9.871162484045817,36.22627371353666,1.6041415088982662,357273.5027809796,69.00922895031758,45.635800109819655,5,10115,1
80,2,0.6305069601253546,0.0560252810926585,9.871162484045817,36.22627371353666,1.6041415088982662,357273.5027809796,70.33441191069119,46.28484824190064,10,10115,1
81,3,0.706885009961744,0.0606230015118129,9.871162484045817,36.22627371353666,1.6041415088982662,357273.5027809796,70.73951867728948,46.12426394016831,15,10115,1
82,4,0.6860850788418964,0.0625264055698724,9.871162484045817,36.22627371353666,1.6041415088982662,357273.5027809796,69.89016577123509,46.38313202075181,20,10115,1
83,5,0.6953630102107661,0.0257458289089019,9.871162484045817,36.22627371353666,1.6041415088982662,357273.5027809796,71.16576419462415,46.61526711332486,25,10115,1
84,6,0.705223623128819,-0.0023664306322698,9.871162484045817,36.22627371353666,1.6041415088982662,357273.5027809796,70.08608182612669,46.548016749751554,30,10115,1
85,7,0.8525418413274786,-0.0307547683023123,9.871162484045817,36.22627371353666,1.6041415088982662,357273.5027809796,71.94370814134527,46.15421556653395,35,10115,1
86,8,0.9954309016322131,-0.0648535925475136,9.871162484045817,36.22627371353666,1.6041415088982662,357273.5027809796,73.37632231164862,45.64469186714128,40,10115,1
87,9,0.9987958656178652,-0.0796294162289665,9.871162484045817,36.22627371353666,1.6041415088982662,357273.5027809796,75.24739021859277,45.21156777743361,45,10115,1
88,10,0.9986747361965388,-0.0922987350272355,9.871162484045817,36.22627371353666,1.6041415088982662,357273.5027809796,76.73793672614647,44.55361504186526,50,10115,1
89,11,0.8029347875774594,-0.0765251766305315,9.871162484045817,36.22627371353666,1.6041415088982662,357273.5027809796,78.33238880178939,44.22931544767402,55,10115,1
90,0,0.293052375895056,-0.2986827441003486,6.480319489257157,25.241674579262774,-0.219621123225179,259017.09352265013,43.93202151487065,30.40740351756246,0,10130,-1
91,1,0.3709123117406498,-0.2476282123875114,6.480319489257157,25.241674579262774,-0.219621123225179,259017.09352265013,45.43515808214406,28.743487998543475,5,10130,-1
92,2,0.4139146795237093,-0.2545770237592275,6.480319489257157,25.241674579262774,-0.219621123225179,259017.09352265013,47.3102262977769,27.45349213159153,10,10130,-1
93,3,0.4844223021892248,-0.2892836440340666,6.480319489257157,25.241674579262774,-0.219621123225179,259017.09352265013,49.18322663712076,27.1033242478902,15,10130,-1
94,4,0.5247809390169014,-0.3142035446265455,6.480319489257157,25.241674579262774,-0.219621123225179,259017.09352265013,50.40681569639891,26.904094648198488,20,10130,-1
95,5,0.5428844536523821,-0.32238233211985,6.480319489257157,25.241674579262774,-0.219621123225179,259017.09352265013,51.488974931349375,26.027176095927,25,10130,-1
96,6,0.5311947115192472,-0.3468488283736516,6.480319489257157,25.241674579262774,-0.219621123225179,259017.09352265013,52.25648919792029,25.36209778998604,30,10130,-1
97,7,0.50660711759886,-0.376371651476996,6.480319489257157,25.241674579262774,-0.219621123225179,259017.09352265013,52.77674360398475,24.47194537661822,35,10130,-1
98,8,0.4768985403210825,-0.4299406802477763,6.480319489257157,25.241674579262774,-0.219621123225179,259017.09352265013,53.3418042419911,24.110580085296515,40,10130,-1
99,9,0.449708226243782,-0.5105173050670669,6.480319489257157,25.241674579262774,-0.219621123225179,259017.09352265013,54.01361416986124,23.544148029651257,45,10130,-1
100,10,0.4168464011108207,-0.5592632678592709,6.480319489257157,25.241674579262774,-0.219621123225179,259017.09352265013,54.62601998573541,22.84599471833494,50,10130,-1
101,11,0.4161417857924837,-0.5405315082359186,6.480319489257157,25.241674579262774,-0.219621123225179,259017.09352265013,53.82735441059581,22.00129370904523,55,10130,-1
102,0,0.1932207170611041,-0.1077312928189645,10.831840532890352,38.841837213378994,-1.2770244599657372,476009.3309392541,87.0688464004376,51.8136041537892,0,10137,1
103,1,0.25889924360282,-0.1986320511626955,10.831840532890352,38.841837213378994,-1.2770244599657372,476009.3309392541,88.50371691817402,52.04172006684384,5,10137,1
104,2,0.3138143586819553,-0.2060099444688716,10.831840532890352,38.841837213378994,-1.2770244599657372,476009.3309392541,88.39081130986764,51.0511329390819,10,10137,1
105,3,0.3791757513037851,-0.2172086132113315,10.831840532890352,38.841837213378994,-1.2770244599657372,476009.3309392541,88.99083424069906,50.72483706727535,15,10137,1
106,4,0.415949649033653,-0.1845421809729147,10.831840532890352,38.841837213378994,-1.2770244599657372,476009.3309392541,88.95083068128272,49.91418912691178,20,10137,1
107,5,0.4545903936358567,-0.1806964616390487,10.831840532890352,38.841837213378994,-1.2770244599657372,476009.3309392541,88.5534333962138,49.84226513624627,25,10137,1
108,6,0.4943558321533787,-0.1750052472226584,10.831840532890352,38.841837213378994,-1.2770244599657372,476009.3309392541,87.66477402692134,49.37883861521736,30,10137,1
109,7,0.5314734321610705,-0.1498520658784206,10.831840532890352,38.841837213378994,-1.2770244599657372,476009.3309392541,87.83170808825065,49.49489988614221,35,10137,1
110,8,0.5507291069083086,-0.1128336752774584,10.831840532890352,38.841837213378994,-1.2770244599657372,476009.3309392541,87.68451644354064,49.757531361827446,40,10137,1
111,9,0.5731660772997746,-0.0918964242366106,10.831840532890352,38.841837213378994,-1.2770244599657372,476009.3309392541,88.0699971358545,49.3968577900037,45,10137,1
112,10,0.6062494949078538,-0.0674880835918695,10.831840532890352,38.841837213378994,-1.2770244599657372,476009.3309392541,88.11756637792163,49.14006511448533,50,10137,1
113,11,0.666717601300649,-0.0457265639109768,10.831840532890352,38.841837213378994,-1.2770244599657372,476009.3309392541,87.86736102677335,48.82486250452156,55,10137,1
114,12,0.6653658794653444,-0.0471766701951864,10.831840532890352,38.841837213378994,-1.2770244599657372,476009.3309392541,88.49945096528269,48.833124363334726,60,10137,1
115,13,0.6682176092790871,-0.0126334965743264,10.831840532890352,38.841837213378994,-1.2770244599657372,476009.3309392541,88.93606166823729,48.716435173917,65,10137,1
116,0,0.3245069819460779,0.1337927505717973,15.310874735787108,35.7767284835354,0.5692590943362682,756705.4368266437,45.00748657825045,36.0633879433141,0,10144,-1
117,1,0.3564280637675716,0.1102904489247777,15.310874735787108,35.7767284835354,0.5692590943362682,756705.4368266437,46.02606358040441,35.65486538421494,5,10144,-1
118,2,0.3708998286527228,0.1004247581771758,15.310874735787108,35.7767284835354,0.5692590943362682,756705.4368266437,46.20568108614592,35.76984689868184,10,10144,-1
119,3,0.426981646909869,0.0979810115026385,15.310874735787108,35.7767284835354,0.5692590943362682,756705.4368266437,46.75680509697101,35.8476174075928,15,10144,-1
120,4,0.4657405265691053,0.0813040446768193,15.310874735787108,35.7767284835354,0.5692590943362682,756705.4368266437,47.36685301504557,35.3770570108747,20,10144,-1
121,5,0.4637710329920176,0.1154854556655249,15.310874735787108,35.7767284835354,0.5692590943362682,756705.4368266437,47.06144103579938,35.610606165279776,25,10144,-1
122,6,0.4509967107145102,0.0945975962342333,15.310874735787108,35.7767284835354,0.5692590943362682,756705.4368266437,46.62993970622488,35.412228465173094,30,10144,-1
123,7,0.4150301083051652,0.0881311569340645,15.310874735787108,35.7767284835354,0.5692590943362682,756705.4368266437,46.59305827905176,35.029418585396314,35,10144,-1
124,8,0.397498839543397,0.0501616297356977,15.310874735787108,35.7767284835354,0.5692590943362682,756705.4368266437,46.03002708628259,35.1184072162887,40,10144,-1
125,9,0.4032412151085207,0.035213747460923,15.310874735787108,35.7767284835354,0.5692590943362682,756705.4368266437,46.51910219275666,34.82832534952775,45,10144,-1
126,10,0.3689869837970408,-0.0287583916204911,15.310874735787108,35.7767284835354,0.5692590943362682,756705.4368266437,45.92512426493194,34.96432630263572,50,10144,-1
127,11,0.3824855341590647,-0.0366257117978187,15.310874735787108,35.7767284835354,0.5692590943362682,756705.4368266437,46.190471423597565,34.65580821384801,55,10144,-1
128,12,0.3724729708197693,-0.0755091021453417,15.310874735787108,35.7767284835354,0.5692590943362682,756705.4368266437,46.447671331829646,34.716423997550265,60,10144,-1
129,13,0.3875448758467891,-0.0903965569805731,15.310874735787108,35.7767284835354,0.5692590943362682,756705.4368266437,46.56387376938049,35.14247661042351,65,10144,-1
130,0,0.0977841819371538,-0.230080050248771,9.397432955491876,20.768865617624275,-0.4720237217787042,347514.5214175692,37.07469351874908,38.3533907196034,0,10188,-1
131,1,0.303530336161719,0.3255109245145478,9.397432955491876,20.768865617624275,-0.4720237217787042,347514.5214175692,38.75600432530076,39.800745781494655,5,10188,-1
132,2,0.43607129281581,0.3287888233375468,9.397432955491876,20.768865617624275,-0.4720237217787042,347514.5214175692,40.500527598659936,39.50579932881317,10,10188,-1
133,3,0.5039695274444742,0.2860898511976236,9.397432955491876,20.768865617624275,-0.4720237217787042,347514.5214175692,40.05016186620737,39.35206419266806,15,10188,-1
134,4,0.5344578517363576,0.2680282374763434,9.397432955491876,20.768865617624275,-0.4720237217787042,347514.5214175692,39.48033454084541,39.1895603317264,20,10188,-1
135,5,0.5066456310397189,0.2510960829864984,9.397432955491876,20.768865617624275,-0.4720237217787042,347514.5214175692,39.21517493687395,38.6362449123106,25,10188,-1
136,6,0.4641206843177499,0.2556798432303947,9.397432955491876,20.768865617624275,-0.4720237217787042,347514.5214175692,39.95151442650547,38.26714348862092,30,10188,-1
137,7,0.4091170657320163,0.2478721445308298,9.397432955491876,20.768865617624275,-0.4720237217787042,347514.5214175692,40.61929846484454,37.60111162541533,35,10188,-1
138,8,0.3867629839173247,0.2647670833514926,9.397432955491876,20.768865617624275,-0.4720237217787042,347514.5214175692,41.45509629869644,37.26398817442768,40,10188,-1
139,9,0.3401203701597641,0.1757610666089468,9.397432955491876,20.768865617624275,-0.4720237217787042,347514.5214175692,41.98153656578416,36.91109495459448,45,10188,-1
140,10,0.29033470461763,0.1290377513670413,9.397432955491876,20.768865617624275,-0.4720237217787042,347514.5214175692,42.5127332587286,36.22562193716815,50,10188,-1
141,11,0.2708618196490211,0.1370528113787706,9.397432955491876,20.768865617624275,-0.4720237217787042,347514.5214175692,43.5486363133885,36.142472848232906,55,10188,-1
142,12,0.240602388771774,0.0939439046122266,9.397432955491876,20.768865617624275,-0.4720237217787042,347514.5214175692,43.89521762543744,35.98457733462349,60,10188,-1
143,0,0.123606882365396,0.4323329579164556,11.138734299719168,95.75144284364735,1.1277241669415998,931787.047227108,85.07116483640925,64.35103070786103,0,10226,1
144,1,0.1349892159363552,0.4115916054610821,11.138734299719168,95.75144284364735,1.1277241669415998,931787.047227108,84.76399687586306,64.14803005051286,5,10226,1
145,2,0.1585407879431981,0.3956669013138245,11.138734299719168,95.75144284364735,1.1277241669415998,931787.047227108,85.69307125057213,63.45577590834717,10,10226,1
146,3,0.1739427002043378,0.3919581103367459,11.138734299719168,95.75144284364735,1.1277241669415998,931787.047227108,87.99245510701603,64.08271792457468,15,10226,1
147,4,0.1920866695516628,0.3801433014369691,11.138734299719168,95.75144284364735,1.1277241669415998,931787.047227108,89.35223992951015,64.48760030931825,20,10226,1
148,5,0.2098552765654033,0.3911443993997741,11.138734299719168,95.75144284364735,1.1277241669415998,931787.047227108,91.8475924221776,64.64227662120446,25,10226,1
149,6,0.2154790615052702,0.4002728987872851,11.138734299719168,95.75144284364735,1.1277241669415998,931787.047227108,93.5607052307514,65.59327323226626,30,10226,1
150,7,0.2140645887916707,0.3960844759921807,11.138734299719168,95.75144284364735,1.1277241669415998,931787.047227108,94.06248603212984,67.02587973561359,35,10226,1
151,8,0.2140367170259146,0.4064381960174615,11.138734299719168,95.75144284364735,1.1277241669415998,931787.047227108,95.77740150573726,67.27143245449932,40,10226,1
152,9,0.2147318312636464,0.3984988474990621,11.138734299719168,95.75144284364735,1.1277241669415998,931787.047227108,97.28629936817914,68.15037821872461,45,10226,1
153,10,0.2202561377364457,0.3920597424306575,11.138734299719168,95.75144284364735,1.1277241669415998,931787.047227108,98.09771590893428,67.95301697047908,50,10226,1
154,11,0.2249844858413179,0.3875960061311915,11.138734299719168,95.75144284364735,1.1277241669415998,931787.047227108,98.37146294370008,67.84398509385747,55,10226,1
155,12,0.2169544602861688,0.3859994788571409,11.138734299719168,95.75144284364735,1.1277241669415998,931787.047227108,99.15579499861126,68.22579289357219,60,10226,1
156,13,0.2221779073522122,0.3720101653837836,11.138734299719168,95.75144284364735,1.1277241669415998,931787.047227108,98.91801679248296,68.01141279293344,65,10226,1
157,0,0.0622235385392528,-0.296720554326831,5.442803355190792,9.920249333360664,-0.9392930608702156,158622.8295440746,32.40208795041223,35.43744435279036,0,10268,1
158,1,0.1576142286295347,-0.3815289846991814,5.442803355190792,9.920249333360664,-0.9392930608702156,158622.8295440746,32.512985217023484,35.17943772814158,5,10268,1
159,2,0.1998104726139996,-0.2849885788242953,5.442803355190792,9.920249333360664,-0.9392930608702156,158622.8295440746,33.43873336281317,34.63073442658466,10,10268,1
160,3,0.2541702291375199,-0.1863030302246563,5.442803355190792,9.920249333360664,-0.9392930608702156,158622.8295440746,34.22762330053062,34.45460957840559,15,10268,1
161,4,0.3425931692813397,-0.1883231797217131,5.442803355190792,9.920249333360664,-0.9392930608702156,158622.8295440746,34.733216200617406,33.95624306243402,20,10268,1
162,5,0.4092593950313077,-0.2631033105328418,5.442803355190792,9.920249333360664,-0.9392930608702156,158622.8295440746,35.58255448331713,35.48271614165721,25,10268,1
163,6,0.4132797602371312,-0.3736957844639809,5.442803355190792,9.920249333360664,-0.9392930608702156,158622.8295440746,34.64614725265474,35.80716026640918,30,10268,1
164,7,0.4251497490761962,-0.4218286340769264,5.442803355190792,9.920249333360664,-0.9392930608702156,158622.8295440746,34.39021705407234,35.78147436651533,35,10268,1
165,8,0.4511671340012134,-0.43869823280922,5.442803355190792,9.920249333360664,-0.9392930608702156,158622.8295440746,34.31290178922746,35.363969449645786,40,10268,1
166,9,0.5613575267620493,-0.4162543595345987,5.442803355190792,9.920249333360664,-0.9392930608702156,158622.8295440746,33.6157150918212,35.19977977857797,45,10268,1
167,10,0.6715993013845951,-0.3782881789755736,5.442803355190792,9.920249333360664,-0.9392930608702156,158622.8295440746,32.87184456619681,35.03130873830793,50,10268,1
168,11,0.7902295095643939,-0.3974417239044406,5.442803355190792,9.920249333360664,-0.9392930608702156,158622.8295440746,32.08274615157464,35.19038902241176,55,10268,1
169,12,0.9270660863840006,-0.361441663444807,5.442803355190792,9.920249333360664,-0.9392930608702156,158622.8295440746,31.256551225607776,34.86461980456356,60,10268,1
170,13,0.9164570628494958,-0.3579451298535414,5.442803355190792,9.920249333360664,-0.9392930608702156,158622.8295440746,31.110173808325328,34.69174786599508,65,10268,1
171,0,0.0518735572634067,-0.1359234052644409,6.542645681966353,16.744216263247893,1.453817775953974,157315.824351884,43.0311517984525,16.729321120301005,0,10274,1
172,1,0.1328252973572919,-0.2957073438705272,6.542645681966353,16.744216263247893,1.453817775953974,157315.824351884,43.72454528284662,16.648149690785772,5,10274,1
173,2,0.2192660911542508,-0.2495340258990487,6.542645681966353,16.744216263247893,1.453817775953974,157315.824351884,44.59246787928375,16.606650831100207,10,10274,1
174,3,0.3554380188964718,-0.1422677898437463,6.542645681966353,16.744216263247893,1.453817775953974,157315.824351884,47.41434003245323,16.642945634500094,15,10274,1
175,4,0.4454507517602051,-0.0970402042763688,6.542645681966353,16.744216263247893,1.453817775953974,157315.824351884,49.75440736061651,16.727885689406584,20,10274,1
176,5,0.5232364280719736,-0.0906199517042523,6.542645681966353,16.744216263247893,1.453817775953974,157315.824351884,50.624748438546646,16.81236456866953,25,10274,1
177,6,0.5796483688073164,-0.0924488074184805,6.542645681966353,16.744216263247893,1.453817775953974,157315.824351884,51.38801203514515,17.176594499281478,30,10274,1
178,7,0.6024086090141691,-0.0547212277813061,6.542645681966353,16.744216263247893,1.453817775953974,157315.824351884,51.44987262102752,17.407543229935666,35,10274,1
179,8,0.6725296387182066,-0.0772399473052969,6.542645681966353,16.744216263247893,1.453817775953974,157315.824351884,51.36684997292636,17.367539617936572,40,10274,1
180,9,0.7122783695029477,-0.0341279992880828,6.542645681966353,16.744216263247893,1.453817775953974,157315.824351884,51.0862836132465,17.289560345635184,45,10274,1
181,10,0.6913663414465834,0.0055186986831212,6.542645681966353,16.744216263247893,1.453817775953974,157315.824351884,51.43635173251038,17.94728465258846,50,10274,1
182,0,0.5558891283651409,0.1421043600984513,7.74350217771312,23.388806441482988,0.0615078175629251,264799.9887390161,39.91029735245719,36.95602276791944,0,10311,1
183,1,0.5117079036269963,0.1709408507816016,7.74350217771312,23.388806441482988,0.0615078175629251,264799.9887390161,41.45231492757665,36.91348921903332,5,10311,1
184,2,0.5326362820185198,0.1457893919075355,7.74350217771312,23.388806441482988,0.0615078175629251,264799.9887390161,41.71590773696348,37.27631780911438,10,10311,1
185,3,0.5613656485615942,0.1019871093580541,7.74350217771312,23.388806441482988,0.0615078175629251,264799.9887390161,42.16390850272894,37.59954573273242,15,10311,1
186,4,0.5710306729914443,0.086142809901259,7.74350217771312,23.388806441482988,0.0615078175629251,264799.9887390161,41.1095040818749,37.60167120131322,20,10311,1
187,5,0.5366924415608268,0.0617243927992793,7.74350217771312,23.388806441482988,0.0615078175629251,264799.9887390161,40.607491970675206,37.86613483165392,25,10311,1
188,6,0.4972295831818059,0.1172546220127263,7.74350217771312,23.388806441482988,0.0615078175629251,264799.9887390161,40.45260927463699,38.09196333532822,30,10311,1
189,7,0.4770011873096518,0.212670668750678,7.74350217771312,23.388806441482988,0.0615078175629251,264799.9887390161,39.160973905484575,38.69836053144675,35,10311,1
190,8,0.4712373823871646,0.2846591443550774,7.74350217771312,23.388806441482988,0.0615078175629251,264799.9887390161,39.47493279183989,38.9034755303726,40,10311,1
191,9,0.4792617292349354,0.3364430890841178,7.74350217771312,23.388806441482988,0.0615078175629251,264799.9887390161,39.321047608709335,38.97674884465111,45,10311,1
192,10,0.4673401476321977,0.4192956163317837,7.74350217771312,23.388806441482988,0.0615078175629251,264799.9887390161,40.80363096824239,38.69197761481066,50,10311,1
193,11,0.4786607268026562,0.4573457526916838,7.74350217771312,23.388806441482988,0.0615078175629251,264799.9887390161,40.98534061625622,38.5524590887548,55,10311,1
194,12,0.4679148333220265,0.4923286772981776,7.74350217771312,23.388806441482988,0.0615078175629251,264799.9887390161,41.96002087519658,38.522701205162775,60,10311,1
195,13,0.4484672247141866,0.5125539150905272,7.74350217771312,23.388806441482988,0.0615078175629251,264799.9887390161,41.912892397298805,38.39134437067296,65,10311,1
196,0,0.3640746501930519,0.2376064983063247,17.01594849420565,36.244801725664495,-0.313296261289702,1569490.3505367895,72.4891980963394,53.39272676940014,0,10349,1
197,1,0.4022277833419951,0.2517521409299498,17.01594849420565,36.244801725664495,-0.313296261289702,1569490.3505367895,72.76403399110434,53.74211623086658,5,10349,1
198,2,0.4590106882727673,0.2741633781961523,17.01594849420565,36.244801725664495,-0.313296261289702,1569490.3505367895,72.91969358520046,54.30000675687764,10,10349,1
199,3,0.4908386498861473,0.2949701193214696,17.01594849420565,36.244801725664495,-0.313296261289702,1569490.3505367895,72.36686070364858,54.67390181255857,15,10349,1
200,4,0.5268101985320086,0.3114277909570853,17.01594849420565,36.244801725664495,-0.313296261289702,1569490.3505367895,72.76404648928649,54.81076011267134,20,10349,1
201,5,0.5660916500220998,0.3218169273758463,17.01594849420565,36.244801725664495,-0.313296261289702,1569490.3505367895,73.47292702102543,54.64799689898843,25,10349,1
202,6,0.5976808137296404,0.3150390625794322,17.01594849420565,36.244801725664495,-0.313296261289702,1569490.3505367895,73.32276334263793,54.8914366800258,30,10349,1
203,7,0.6242194818538427,0.2987594001633985,17.01594849420565,36.244801725664495,-0.313296261289702,1569490.3505367895,74.07904643822097,55.14420604695564,35,10349,1
204,8,0.6659782422827671,0.3031322027008049,17.01594849420565,36.244801725664495,-0.313296261289702,1569490.3505367895,74.7355294483834,55.54323111045414,40,10349,1
205,9,0.6761663205037957,0.294556414162554,17.01594849420565,36.244801725664495,-0.313296261289702,1569490.3505367895,75.8765756667802,55.59030520859243,45,10349,1
206,10,0.6942469481858207,0.2884819709656978,17.01594849420565,36.244801725664495,-0.313296261289702,1569490.3505367895,76.32576935539534,55.44112745773198,50,10349,1
207,11,0.6767453496527224,0.2837919481667838,17.01594849420565,36.244801725664495,-0.313296261289702,1569490.3505367895,77.41527492777269,54.82800795688246,55,10349,1
208,0,0.1660830176183223,-0.0575800951604884,9.06225427765189,46.24870325050992,0.6983573748126568,388082.74803339207,39.75627564500536,27.64955375189841,0,10385,-1
209,1,0.165604079664044,-0.0255659628617529,9.06225427765189,46.24870325050992,0.6983573748126568,388082.74803339207,41.87851644036086,26.237835746278947,5,10385,-1
210,2,0.1658910306643544,-0.0743981596260037,9.06225427765189,46.24870325050992,0.6983573748126568,388082.74803339207,42.2390506437386,25.510083874943746,10,10385,-1
211,3,0.1751778654012238,-0.1272513433237463,9.06225427765189,46.24870325050992,0.6983573748126568,388082.74803339207,43.2791670985705,24.101233533791834,15,10385,-1
212,4,0.1802653593169567,-0.1774061768145527,9.06225427765189,46.24870325050992,0.6983573748126568,388082.74803339207,43.65883771054758,23.00660286358142,20,10385,-1
213,5,0.1775772397500328,-0.2002673903787102,9.06225427765189,46.24870325050992,0.6983573748126568,388082.74803339207,44.36164640489903,22.82900971357292,25,10385,-1
214,6,0.2051265416021646,-0.1988151845592334,9.06225427765189,46.24870325050992,0.6983573748126568,388082.74803339207,45.047888714292384,21.938430212928772,30,10385,-1
215,7,0.2070464812948664,-0.1979487522051855,9.06225427765189,46.24870325050992,0.6983573748126568,388082.74803339207,46.00199569055432,22.42304928390559,35,10385,-1
216,8,0.1970823594998621,-0.1793692076050168,9.06225427765189,46.24870325050992,0.6983573748126568,388082.74803339207,46.33610518646569,22.64557289459457,40,10385,-1
217,9,0.1782391904538894,-0.1672611763128385,9.06225427765189,46.24870325050992,0.6983573748126568,388082.74803339207,46.26958394934531,23.307254864865783,45,10385,-1
218,10,0.167555237666096,-0.17370744667551,9.06225427765189,46.24870325050992,0.6983573748126568,388082.74803339207,45.71270612397301,23.641073192815107,50,10385,-1
219,11,0.1639694997004749,-0.2272533967766901,9.06225427765189,46.24870325050992,0.6983573748126568,388082.74803339207,45.55400863789195,24.08112055521859,55,10385,-1
220,12,0.1620636348540306,-0.2766194628135258,9.06225427765189,46.24870325050992,0.6983573748126568,388082.74803339207,45.28732418951024,24.515363513818382,60,10385,-1
221,0,0.2433043149514867,-1.304096545359858,7.435871076600506,37.00990424419677,0.0997074889494275,373992.8108921605,50.14619260619061,32.94253818875726,0,10391,-1
222,1,0.0568582926465936,-0.0016402942538186,7.435871076600506,37.00990424419677,0.0997074889494275,373992.8108921605,47.49553546288399,33.12521752334444,5,10391,-1
223,2,0.1398846254248663,0.1072836916553997,7.435871076600506,37.00990424419677,0.0997074889494275,373992.8108921605,45.24219203143557,33.5908704183319,10,10391,-1
224,3,0.1814993401830532,0.1291865299276612,7.435871076600506,37.00990424419677,0.0997074889494275,373992.8108921605,46.37624028142344,32.14975636919607,15,10391,-1
225,4,0.2192125129618581,0.1128103537388127,7.435871076600506,37.00990424419677,0.0997074889494275,373992.8108921605,46.44655278294263,31.18363657536425,20,10391,-1
226,5,0.2475012041436322,0.0798058299888173,7.435871076600506,37.00990424419677,0.0997074889494275,373992.8108921605,47.8441956894079,30.48149586555821,25,10391,-1
227,6,0.2706616417417962,0.0468385004613425,7.435871076600506,37.00990424419677,0.0997074889494275,373992.8108921605,48.63986082938311,30.245124991160893,30,10391,-1
228,7,0.3019737063006318,0.0421436004423703,7.435871076600506,37.00990424419677,0.0997074889494275,373992.8108921605,49.4310506834109,30.013665639474407,35,10391,-1
229,8,0.3212600616127182,0.0586859700667555,7.435871076600506,37.00990424419677,0.0997074889494275,373992.8108921605,49.4004127372311,29.68281906068608,40,10391,-1
230,9,0.3352472538845206,0.078897392674461,7.435871076600506,37.00990424419677,0.0997074889494275,373992.8108921605,49.52102585165034,29.47343282358964,45,10391,-1
231,10,0.3698357388117791,0.112272218312419,7.435871076600506,37.00990424419677,0.0997074889494275,373992.8108921605,50.37615590298535,29.716535996981943,50,10391,-1
0,0,0.3042159417377568,-0.3280096765233921,14.946190854503689,33.9652208881583,-1.4017590705271643,565027.0481865982,48.74434816244239,42.23889643884529,0,10445,-1
1,1,0.3403923451931687,-0.3068041659155826,14.946190854503689,33.9652208881583,-1.4017590705271643,565027.0481865982,50.70125678999268,40.77631909916309,5,10445,-1
2,2,0.3640966668603004,-0.203696281294371,14.946190854503689,33.9652208881583,-1.4017590705271643,565027.0481865982,51.01764904518824,40.95347705021523,10,10445,-1
3,3,0.3399127660510526,-0.181403160425805,14.946190854503689,33.9652208881583,-1.4017590705271643,565027.0481865982,52.90853762227648,40.84754949536189,15,10445,-1
4,4,0.3246969841151049,-0.1003524855985056,14.946190854503689,33.9652208881583,-1.4017590705271643,565027.0481865982,54.14355714191323,40.9034034594179,20,10445,-1
5,5,0.3014415897277273,-0.0995346606518309,14.946190854503689,33.9652208881583,-1.4017590705271643,565027.0481865982,54.829844411190805,41.32077895676915,25,10445,-1
6,6,0.2683248198857863,-0.0602427916794447,14.946190854503689,33.9652208881583,-1.4017590705271643,565027.0481865982,55.58322165026534,41.74725177971053,30,10445,-1
7,7,0.2314909540569922,-0.0656319269731097,14.946190854503689,33.9652208881583,-1.4017590705271643,565027.0481865982,56.42129515718461,42.12282928081507,35,10445,-1
8,8,0.2059933821498129,-0.0941350436679566,14.946190854503689,33.9652208881583,-1.4017590705271643,565027.0481865982,57.72036177792236,42.122163924904825,40,10445,-1
9,9,0.1837355586417307,-0.1531540892494582,14.946190854503689,33.9652208881583,-1.4017590705271643,565027.0481865982,58.41215280717585,42.1046871354372,45,10445,-1
10,0,0.0823351404026813,0.9525670230081328,10.47614985425077,24.605520304794958,0.8825856026699459,409535.1686674242,44.40344606812627,31.201384496873068,0,10456,1
11,1,0.1953625801653086,0.6631098028307841,10.47614985425077,24.605520304794958,0.8825856026699459,409535.1686674242,42.12233019887468,32.660469784970005,5,10456,1
12,2,0.1919332516310924,0.5771607349969977,10.47614985425077,24.605520304794958,0.8825856026699459,409535.1686674242,42.19053396675956,33.11613608722238,10,10456,1
13,3,0.1886483088578875,0.4718928688815735,10.47614985425077,24.605520304794958,0.8825856026699459,409535.1686674242,44.48192307665601,32.431657743105504,15,10456,1
14,4,0.1885136228765867,0.4073142590447883,10.47614985425077,24.605520304794958,0.8825856026699459,409535.1686674242,46.18947004964665,32.43474431076146,20,10456,1
15,5,0.2480524111090579,0.362896453901811,10.47614985425077,24.605520304794958,0.8825856026699459,409535.1686674242,46.94638636928229,32.76148433165524,25,10456,1
16,6,0.3063529446530434,0.4351809693014599,10.47614985425077,24.605520304794958,0.8825856026699459,409535.1686674242,47.729148610037896,32.148448526899976,30,10456,1
17,7,0.383568673682753,0.4096457746323381,10.47614985425077,24.605520304794958,0.8825856026699459,409535.1686674242,48.149724363214695,32.12025415054254,35,10456,1
18,8,0.4537722587850945,0.3518170626144251,10.47614985425077,24.605520304794958,0.8825856026699459,409535.1686674242,49.95481471659803,32.627584108827094,40,10456,1
19,9,0.5070504178976185,0.3269108550027007,10.47614985425077,24.605520304794958,0.8825856026699459,409535.1686674242,51.867711656859285,33.58664581512273,45,10456,1
20,10,0.5649064943944061,0.227929250238903,10.47614985425077,24.605520304794958,0.8825856026699459,409535.1686674242,52.04520789172896,33.752547576281096,50,10456,1
21,11,0.6340074525555561,0.1807691072047147,10.47614985425077,24.605520304794958,0.8825856026699459,409535.1686674242,52.89425015260296,34.01508948983731,55,10456,1
22,0,0.0192228717891675,1.888875863796396,10.018408193276308,44.86077946304149,-1.4252255781039644,442525.6567359263,49.91447219605417,36.36974801632552,0,10547,1
23,1,0.0540328287499144,-0.1013753129478896,10.018408193276308,44.86077946304149,-1.4252255781039644,442525.6567359263,48.70067901478615,35.75128705755829,5,10547,1
24,2,0.0723570508608741,-0.0558374406376418,10.018408193276308,44.86077946304149,-1.4252255781039644,442525.6567359263,48.99006890800644,35.752981508329675,10,10547,1
25,3,0.0718748807759095,-0.0700294193099268,10.018408193276308,44.86077946304149,-1.4252255781039644,442525.6567359263,47.63868151072802,35.29105407069012,15,10547,1
26,4,0.0715081009157034,-0.1143642804394126,10.018408193276308,44.86077946304149,-1.4252255781039644,442525.6567359263,46.97666372200504,34.96454727564609,20,10547,1
27,5,0.0825684854391898,-0.1385549396570102,10.018408193276308,44.86077946304149,-1.4252255781039644,442525.6567359263,49.09630834194077,34.453345544024856,25,10547,1
28,6,0.09848354122984,-0.1343446438969807,10.018408193276308,44.86077946304149,-1.4252255781039644,442525.6567359263,50.71045553762793,34.20026702611459,30,10547,1
29,7,0.1074720215365599,-0.2018949121620605,10.018408193276308,44.86077946304149,-1.4252255781039644,442525.6567359263,52.04825986385783,33.85573761529083,35,10547,1
30,8,0.1225154826989223,-0.1938918140135663,10.018408193276308,44.86077946304149,-1.4252255781039644,442525.6567359263,52.32980370911765,33.07484426299927,40,10547,1
31,9,0.1578319914895219,-0.1443158740609188,10.018408193276308,44.86077946304149,-1.4252255781039644,442525.6567359263,54.60711005997305,33.87219896370071,45,10547,1
32,10,0.1639505034341335,-0.0645139126806163,10.018408193276308,44.86077946304149,-1.4252255781039644,442525.6567359263,55.87146916435052,34.33675336617742,50,10547,1
33,11,0.1491781249882728,-0.0040487329426784,10.018408193276308,44.86077946304149,-1.4252255781039644,442525.6567359263,56.95614157571928,34.12617922125737,55,10547,1
34,12,0.1420632377130554,-0.010455501854373,10.018408193276308,44.86077946304149,-1.4252255781039644,442525.6567359263,57.19094221977888,34.46944711328875,60,10547,1
35,13,0.128856772812824,-0.0999802778195201,10.018408193276308,44.86077946304149,-1.4252255781039644,442525.6567359263,58.33813814700883,35.19847635371969,65,10547,1
36,0,0.3996950606841939,-0.5887028366801353,13.942518857943416,38.17165281494157,-1.0457834486502402,447691.7046524573,63.79825679450212,41.97038334340064,0,10664,1
37,1,0.4065150965270132,-0.505278414255713,13.942518857943416,38.17165281494157,-1.0457834486502402,447691.7046524573,64.3548622629481,41.72509575972296,5,10664,1
38,2,0.4233696929790297,-0.4171047806919682,13.942518857943416,38.17165281494157,-1.0457834486502402,447691.7046524573,65.92875372805695,41.56015804522539,10,10664,1
39,3,0.4864469832164477,-0.293039067270987,13.942518857943416,38.17165281494157,-1.0457834486502402,447691.7046524573,66.35417146069696,41.9837510343442,15,10664,1
40,4,0.498369348035055,-0.2231164088920816,13.942518857943416,38.17165281494157,-1.0457834486502402,447691.7046524573,68.04599168130045,41.64846363224555,20,10664,1
41,5,0.5722152322430379,-0.1231138498253324,13.942518857943416,38.17165281494157,-1.0457834486502402,447691.7046524573,69.58170337474645,41.75672876851292,25,10664,1
42,6,0.6317602485251812,-0.0605837930673188,13.942518857943416,38.17165281494157,-1.0457834486502402,447691.7046524573,70.40548314838276,41.96674308781093,30,10664,1
43,7,0.705936404901129,0.058359238322548,13.942518857943416,38.17165281494157,-1.0457834486502402,447691.7046524573,72.94088184488574,41.88093383669563,35,10664,1
44,8,0.8189116433559666,0.1033176313548154,13.942518857943416,38.17165281494157,-1.0457834486502402,447691.7046524573,73.03624597223887,42.006659596667824,40,10664,1
45,9,0.9422297046798426,0.165637650753793,13.942518857943416,38.17165281494157,-1.0457834486502402,447691.7046524573,75.41603903941112,41.68044760399687,45,10664,1
46,10,0.9917931016370292,0.196045243842908,13.942518857943416,38.17165281494157,-1.0457834486502402,447691.7046524573,76.39197039919353,41.56718212022195,50,10664,1
47,11,0.993645345018685,0.2107805100263375,13.942518857943416,38.17165281494157,-1.0457834486502402,447691.7046524573,77.75811974361841,41.04697840095709,55,10664,1
48,12,0.9547394941520656,0.2245200740218883,13.942518857943416,38.17165281494157,-1.0457834486502402,447691.7046524573,79.1362455741785,40.71920136785347,60,10664,1
49,13,0.7932856729330343,0.1980731718830778,13.942518857943416,38.17165281494157,-1.0457834486502402,447691.7046524573,80.90853560920338,40.84010182754932,65,10664,1
50,0,0.3623323782214834,0.9951330213303964,13.991427502811804,37.13687972552999,1.4776319111548302,334715.3160391884,77.61283016874329,47.89782535244734,0,10692,1
51,1,0.432876137927228,0.836082498711903,13.991427502811804,37.13687972552999,1.4776319111548302,334715.3160391884,79.60525428955353,48.12679151404132,5,10692,1
52,2,0.4809156166094348,0.6929413356915021,13.991427502811804,37.13687972552999,1.4776319111548302,334715.3160391884,80.23535420635625,49.35385042596503,10,10692,1
53,3,0.5491678165991742,0.5689835888952133,13.991427502811804,37.13687972552999,1.4776319111548302,334715.3160391884,79.42697309218198,48.08410326107981,15,10692,1
54,4,0.5762183535239243,0.4710507882386773,13.991427502811804,37.13687972552999,1.4776319111548302,334715.3160391884,80.337544667675,49.30309490672466,20,10692,1
55,5,0.6173390126033045,0.3852255442730251,13.991427502811804,37.13687972552999,1.4776319111548302,334715.3160391884,80.13976030137785,48.09092698213551,25,10692,1
56,6,0.6415329409081761,0.3774968267110941,13.991427502811804,37.13687972552999,1.4776319111548302,334715.3160391884,81.01750539179793,48.28616677606922,30,10692,1
57,7,0.7199113707310341,0.2812827508935286,13.991427502811804,37.13687972552999,1.4776319111548302,334715.3160391884,80.7576534215061,48.54676452099608,35,10692,1
58,8,0.798464062066112,0.3105297002968182,13.991427502811804,37.13687972552999,1.4776319111548302,334715.3160391884,81.08100793499405,46.74632154950611,40,10692,1
59,9,0.8146412969319355,0.2580905559603215,13.991427502811804,37.13687972552999,1.4776319111548302,334715.3160391884,80.81137179079232,45.85708668125544,45,10692,1
60,10,0.7981561581096871,0.3098085570268197,13.991427502811804,37.13687972552999,1.4776319111548302,334715.3160391884,82.38348374371938,45.35700271763864,50,10692,1
61,11,0.8135277481570881,0.2531566395384289,13.991427502811804,37.13687972552999,1.4776319111548302,334715.3160391884,81.50632151091915,44.47922118003232,55,10692,1
62,12,0.7080422770739814,0.3088794413895459,13.991427502811804,37.13687972552999,1.4776319111548302,334715.3160391884,81.82647692726988,44.09278065940454,60,10692,1
63,13,0.6632862849454605,0.3662423710178162,13.991427502811804,37.13687972552999,1.4776319111548302,334715.3160391884,82.238682088342,43.405330169728494,65,10692,1
64,0,0.1623484671390743,-0.1311742789859058,12.768282895709202,24.65937752684892,-0.6320975632932677,336762.8464910093,52.13249128246139,43.10327340939992,0,10747,1
65,1,0.097058712218495,-0.3761163347314973,12.768282895709202,24.65937752684892,-0.6320975632932677,336762.8464910093,51.65302880034337,43.44666567101334,5,10747,1
66,2,0.1497494331944884,-0.4513644418907359,12.768282895709202,24.65937752684892,-0.6320975632932677,336762.8464910093,50.63435207308015,43.605309684286205,10,10747,1
67,3,0.2564959059953516,-0.5009992802628375,12.768282895709202,24.65937752684892,-0.6320975632932677,336762.8464910093,48.46832684618016,44.863494634848045,15,10747,1
68,4,0.3066226805668685,-0.6067709919766473,12.768282895709202,24.65937752684892,-0.6320975632932677,336762.8464910093,48.38620229957032,44.35042095095294,20,10747,1
69,5,0.3586028976846278,-0.5378142997193663,12.768282895709202,24.65937752684892,-0.6320975632932677,336762.8464910093,49.133338346353526,42.766803400285376,25,10747,1
70,6,0.4637685009840067,-0.4547057771268866,12.768282895709202,24.65937752684892,-0.6320975632932677,336762.8464910093,49.00858286667921,43.12640873036912,30,10747,1
71,7,0.612378753103405,-0.3128351496651189,12.768282895709202,24.65937752684892,-0.6320975632932677,336762.8464910093,50.67719970629745,43.30565631024711,35,10747,1
72,8,0.7369446850878618,-0.1548590073470466,12.768282895709202,24.65937752684892,-0.6320975632932677,336762.8464910093,50.8477429132437,42.87795252161173,40,10747,1
73,9,0.9440915890058074,-0.0508667076718582,12.768282895709202,24.65937752684892,-0.6320975632932677,336762.8464910093,50.83469065178862,42.40223344379635,45,10747,1
74,10,0.9619215044188288,-0.07683852838637,12.768282895709202,24.65937752684892,-0.6320975632932677,336762.8464910093,51.69685751844711,41.59762320162189,50,10747,1
75,11,0.9461965360595584,-0.0900196280415926,12.768282895709202,24.65937752684892,-0.6320975632932677,336762.8464910093,52.20868379416652,40.50565541824497,55,10747,1
76,12,0.9990873996271318,-0.0156584551058025,12.768282895709202,24.65937752684892,-0.6320975632932677,336762.8464910093,52.64239918260622,40.64484094672096,60,10747,1
77,0,0.347564313045791,0.2501597234250702,8.784953538314332,31.77893732845113,0.6356201986339162,256332.1874274471,45.37532517317617,33.96848351625759,0,10828,1
78,1,0.3661710789259811,0.2637062774147153,8.784953538314332,31.77893732845113,0.6356201986339162,256332.1874274471,45.02512242912025,33.6572158723866,5,10828,1
79,2,0.3590951167690019,0.274823004446083,8.784953538314332,31.77893732845113,0.6356201986339162,256332.1874274471,44.54832054829559,33.629978293934194,10,10828,1
80,3,0.3605010036470308,0.2876022249457924,8.784953538314332,31.77893732845113,0.6356201986339162,256332.1874274471,44.47256230072255,34.07332033823377,15,10828,1
81,4,0.3384114719768575,0.3265668341759073,8.784953538314332,31.77893732845113,0.6356201986339162,256332.1874274471,44.3372763862231,34.176789615318484,20,10828,1
82,5,0.3207819964835745,0.377919334499418,8.784953538314332,31.77893732845113,0.6356201986339162,256332.1874274471,43.97417421865761,34.59706421721742,25,10828,1
83,6,0.3109884678459185,0.414344058941228,8.784953538314332,31.77893732845113,0.6356201986339162,256332.1874274471,43.21993420135295,34.42695346451431,30,10828,1
84,7,0.3145467163038002,0.4872055585263353,8.784953538314332,31.77893732845113,0.6356201986339162,256332.1874274471,42.57035702992543,35.12041872213277,35,10828,1
85,8,0.3096099200349737,0.5529768963006063,8.784953538314332,31.77893732845113,0.6356201986339162,256332.1874274471,42.43446575185272,35.35025122751936,40,10828,1
86,9,0.2994563225199245,0.6639534730235624,8.784953538314332,31.77893732845113,0.6356201986339162,256332.1874274471,42.20031993854145,35.875001421483454,45,10828,1
87,10,0.2572342757190012,0.7244987327645271,8.784953538314332,31.77893732845113,0.6356201986339162,256332.1874274471,41.89023367031079,36.04981344345838,50,10828,1
88,11,0.2580758750321311,0.7802499291320524,8.784953538314332,31.77893732845113,0.6356201986339162,256332.1874274471,43.14702759243045,35.270909621049164,55,10828,1
89,12,0.2473514954014964,0.7123853028979543,8.784953538314332,31.77893732845113,0.6356201986339162,256332.1874274471,43.26340196348144,34.42321630853626,60,10828,1
